City/Town,Leading Candidate,CHARITY R. CLARK,MICHAEL TAGLIAVIA,Write-Ins,Blanks,OverVotes,Total Votes Cast,CHARITY R. CLARK Percent Votes Cast,MICHAEL TAGLIAVIA Percent Votes Cast,OverVotes Percent
Addison,T.J. DONOVAN,25,317,0,96,0,438,5.71%,72.37%,0.00%
Addison,T.J. DONOVAN,500,27,0,96,0,623,80.26%,4.33%,0.00%
Albany,T.J. DONOVAN,184,301,2,155,0,642,28.66%,46.88%,0.00%
Alburgh,T.J. DONOVAN,45,396,5,371,0,817,5.51%,48.47%,0.00%
Alburgh,T.J. DONOVAN,589,15,5,371,0,980,60.10%,1.53%,0.00%
Andover,T.J. DONOVAN,116,211,0,78,0,405,28.64%,52.10%,0.00%
Arlington,T.J. DONOVAN,63,465,0,363,0,891,7.07%,52.19%,0.00%
Arlington,T.J. DONOVAN,853,20,0,363,0,1236,69.01%,1.62%,0.00%
Athens,T.J. DONOVAN,69,100,0,75,0,244,28.28%,40.98%,0.00%
Bakersfield,T.J. DONOVAN,23,223,0,117,0,363,6.34%,61.43%,0.00%
Bakersfield,T.J. DONOVAN,416,6,0,117,0,539,77.18%,1.11%,0.00%
Baltimore,T.J. DONOVAN,56,62,0,57,0,175,32.00%,35.43%,0.00%
Barnard,T.J. DONOVAN,33,151,0,156,0,340,9.71%,44.41%,0.00%
Barnard,T.J. DONOVAN,438,47,0,156,0,641,68.33%,7.33%,0.00%
Barnet,T.J. DONOVAN,381,617,1,232,0,1231,30.95%,50.12%,0.00%
Barre City,T.J. DONOVAN,164,1076,4,1470,0,2714,6.04%,39.65%,0.00%
Barre City,T.J. DONOVAN,2405,127,4,1470,0,4006,60.03%,3.17%,0.00%
Barre Town,T.J. DONOVAN,1662,2764,9,3300,0,7735,21.49%,35.73%,0.00%
Barton,T.J. DONOVAN,38,443,1,336,0,818,4.65%,54.16%,0.00%
Barton,T.J. DONOVAN,741,8,1,336,0,1086,68.23%,0.74%,0.00%
Belvidere,T.J. DONOVAN,77,86,0,21,0,184,41.85%,46.74%,0.00%
Bennington,T.J. DONOVAN,449,2119,17,5828,0,8413,5.34%,25.19%,0.00%
Bennington,T.J. DONOVAN,3951,21,17,5828,0,9817,40.25%,0.21%,0.00%
Benson,H. BROOKE PAIGE,268,258,0,135,0,661,40.54%,39.03%,0.00%
Berkshire,T.J. DONOVAN,18,308,1,200,0,527,3.42%,58.44%,0.00%
Berkshire,T.J. DONOVAN,344,48,1,200,0,593,58.01%,8.09%,0.00%
Berlin,T.J. DONOVAN,425,978,8,1034,0,2445,17.38%,40.00%,0.00%
Bethel,T.J. DONOVAN,66,316,0,228,0,610,10.82%,51.80%,0.00%
Bethel,T.J. DONOVAN,704,12,0,228,0,944,74.58%,1.27%,0.00%
Bloomfield,H. BROOKE PAIGE,62,46,0,30,0,138,44.93%,33.33%,0.00%
Bolton,T.J. DONOVAN,28,173,2,188,0,391,7.16%,44.25%,0.00%
Bolton,T.J. DONOVAN,536,69,2,188,0,795,67.42%,8.68%,0.00%
Bradford,T.J. DONOVAN,480,859,7,864,0,2210,21.72%,38.87%,0.00%
Braintree,T.J. DONOVAN,33,216,1,132,0,382,8.64%,56.54%,0.00%
Braintree,T.J. DONOVAN,435,84,1,132,0,652,66.72%,12.88%,0.00%
Brandon,T.J. DONOVAN,745,1245,3,786,0,2779,26.81%,44.80%,0.00%
Brattleboro,T.J. DONOVAN,442,965,22,3851,0,5280,8.37%,18.28%,0.00%
Brattleboro,T.J. DONOVAN,4716,35,22,3851,0,8624,54.68%,0.41%,0.00%
Bridgewater,T.J. DONOVAN,186,347,0,111,0,644,28.88%,53.88%,0.00%
Bridport,T.J. DONOVAN,21,268,0,138,0,427,4.92%,62.76%,0.00%
Bridport,T.J. DONOVAN,410,24,0,138,0,572,71.68%,4.20%,0.00%
Brighton,T.J. DONOVAN,238,275,1,324,0,838,28.40%,32.82%,0.00%
Bristol,T.J. DONOVAN,110,556,6,909,0,1581,6.96%,35.17%,0.00%
Bristol,T.J. DONOVAN,1490,34,6,909,0,2439,61.09%,1.39%,0.00%
Brookfield,T.J. DONOVAN,277,507,1,148,0,933,29.69%,54.34%,0.00%
Brookline,T.J. DONOVAN,21,87,0,87,0,195,10.77%,44.62%,0.00%
Brookline,T.J. DONOVAN,198,14,0,87,0,299,66.22%,4.68%,0.00%
Brownington,T.J. DONOVAN,195,244,0,117,0,556,35.07%,43.88%,0.00%
Brunswick,T.J. DONOVAN,0,26,0,15,0,41,0.00%,63.41%,0.00%
Brunswick,T.J. DONOVAN,34,47,0,15,0,96,35.42%,48.96%,0.00%
Burke,T.J. DONOVAN,304,515,1,248,0,1068,28.46%,48.22%,0.00%
Burlington,T.J. DONOVAN,1499,1852,60,20617,0,24028,6.24%,7.71%,0.00%
Burlington,T.J. DONOVAN,17220,32,60,20617,0,37929,45.40%,0.08%,0.00%
Cabot,T.J. DONOVAN,261,530,3,370,0,1164,22.42%,45.53%,0.00%
Calais,T.J. DONOVAN,50,199,17,730,0,996,5.02%,19.98%,0.00%
Calais,T.J. DONOVAN,824,86,17,730,0,1657,49.73%,5.19%,0.00%
Cambridge,T.J. DONOVAN,509,1476,27,1370,0,3382,15.05%,43.64%,0.00%
Canaan,T.J. DONOVAN,37,171,1,144,0,353,10.48%,48.44%,0.00%
Canaan,T.J. DONOVAN,255,77,1,144,0,477,53.46%,16.14%,0.00%
Castleton,T.J. DONOVAN,888,1064,4,1036,0,2992,29.68%,35.56%,0.00%
Cavendish,T.J. DONOVAN,63,270,0,141,0,474,13.29%,56.96%,0.00%
Cavendish,T.J. DONOVAN,416,22,0,141,0,579,71.85%,3.80%,0.00%
Charleston,T.J. DONOVAN,221,254,5,287,0,767,28.81%,33.12%,0.00%
Charlotte,T.J. DONOVAN,68,465,3,1464,0,2000,3.40%,23.25%,0.00%
Charlotte,T.J. DONOVAN,2136,37,3,1464,0,3640,58.68%,1.02%,0.00%
Chelsea,T.J. DONOVAN,236,422,5,280,0,943,25.03%,44.75%,0.00%
Chester,T.J. DONOVAN,128,545,2,510,0,1185,10.80%,45.99%,0.00%
Chester,T.J. DONOVAN,1005,33,2,510,0,1550,64.84%,2.13%,0.00%
Chittenden,T.J. DONOVAN,309,457,2,285,0,1053,29.34%,43.40%,0.00%
Clarendon,T.J. DONOVAN,40,649,3,582,0,1274,3.14%,50.94%,0.00%
Clarendon,T.J. DONOVAN,693,302,3,582,0,1580,43.86%,19.11%,0.00%
Colchester,T.J. DONOVAN,2203,6561,18,5242,0,14024,15.71%,46.78%,0.00%
Concord,H. BROOKE PAIGE,27,287,0,132,0,446,6.05%,64.35%,0.00%
Concord,H. BROOKE PAIGE,280,37,0,132,0,449,62.36%,8.24%,0.00%
Corinth,T.J. DONOVAN,292,463,0,150,0,905,32.27%,51.16%,0.00%
Cornwall,T.J. DONOVAN,24,145,0,144,0,313,7.67%,46.33%,0.00%
Cornwall,T.J. DONOVAN,646,20,0,144,0,810,79.75%,2.47%,0.00%
Coventry,T.J. DONOVAN,225,297,0,96,0,618,36.41%,48.06%,0.00%
Craftsbury,T.J. DONOVAN,42,161,0,201,0,404,10.40%,39.85%,0.00%
Craftsbury,T.J. DONOVAN,514,35,0,201,0,750,68.53%,4.67%,0.00%
Danby,H. BROOKE PAIGE,346,325,1,236,0,908,38.11%,35.79%,0.00%
Danville,T.J. DONOVAN,50,469,4,847,0,1370,3.65%,34.23%,0.00%
Danville,T.J. DONOVAN,857,85,4,847,0,1793,47.80%,4.74%,0.00%
Derby,T.J. DONOVAN,976,1305,2,835,0,3118,31.30%,41.85%,0.00%
Dorset,T.J. DONOVAN,56,389,5,834,0,1284,4.36%,30.30%,0.00%
Dorset,T.J. DONOVAN,834,42,5,834,0,1715,48.63%,2.45%,0.00%
Dover,T.J. DONOVAN,306,530,3,231,0,1070,28.60%,49.53%,0.00%
Dummerston,T.J. DONOVAN,70,249,1,524,0,844,8.29%,29.50%,0.00%
Dummerston,T.J. DONOVAN,917,39,1,524,0,1481,61.92%,2.63%,0.00%
Duxbury,T.J. DONOVAN,187,617,3,462,0,1269,14.74%,48.62%,0.00%
East Haven,T.J. DONOVAN,5,54,0,36,0,95,5.26%,56.84%,0.00%
East Haven,T.J. DONOVAN,73,67,0,36,0,176,41.48%,38.07%,0.00%
East Montpelier,T.J. DONOVAN,315,1257,12,414,0,1998,15.77%,62.91%,0.00%
Eden,T.J. DONOVAN,25,243,0,123,0,391,6.39%,62.15%,0.00%
Eden,T.J. DONOVAN,328,13,0,123,0,464,70.69%,2.80%,0.00%
Elmore,T.J. DONOVAN,147,410,6,342,0,905,16.24%,45.30%,0.00%
Enosburgh,T.J. DONOVAN,37,422,2,265,0,726,5.10%,58.13%,0.00%
Enosburgh,T.J. DONOVAN,769,353,2,265,0,1389,55.36%,25.41%,0.00%
Essex,T.J. DONOVAN,2897,9423,17,8991,0,21328,13.58%,44.18%,0.00%
Fair Haven,T.J. DONOVAN,59,533,0,189,0,781,7.55%,68.25%,0.00%
Fair Haven,T.J. DONOVAN,668,108,0,189,0,965,69.22%,11.19%,0.00%
Fairfax,T.J. DONOVAN,1028,1733,3,906,0,3670,28.01%,47.22%,0.00%
Fairfield,T.J. DONOVAN,33,338,4,350,0,725,4.55%,46.62%,0.00%
Fairfield,T.J. DONOVAN,725,29,4,350,0,1108,65.43%,2.62%,0.00%
Fairlee,T.J. DONOVAN,164,395,0,138,0,697,23.53%,56.67%,0.00%
Fayston,T.J. DONOVAN,32,158,1,300,0,491,6.52%,32.18%,0.00%
Fayston,T.J. DONOVAN,711,52,1,300,0,1064,66.82%,4.89%,0.00%
Ferrisburgh,T.J. DONOVAN,472,1246,0,234,0,1952,24.18%,63.83%,0.00%
Fletcher,T.J. DONOVAN,26,255,7,220,0,508,5.12%,50.20%,0.00%
Fletcher,T.J. DONOVAN,502,27,7,220,0,756,66.40%,3.57%,0.00%
Franklin,T.J. DONOVAN,326,379,3,222,0,930,35.05%,40.75%,0.00%
Georgia,T.J. DONOVAN,77,1049,2,860,0,1988,3.87%,52.77%,0.00%
Georgia,T.J. DONOVAN,1639,27,2,860,0,2528,64.83%,1.07%,0.00%
Glover,T.J. DONOVAN,182,413,1,188,0,784,23.21%,52.68%,0.00%
Goshen,T.J. DONOVAN,10,31,0,12,0,53,18.87%,58.49%,0.00%
Goshen,T.J. DONOVAN,86,42,0,12,0,140,61.43%,30.00%,0.00%
Grafton,T.J. DONOVAN,105,235,0,99,0,439,23.92%,53.53%,0.00%
Granby,T.J. DONOVAN,12,12,0,0,0,24,50.00%,50.00%,0.00%
Granby,T.J. DONOVAN,19,31,0,0,0,50,38.00%,62.00%,0.00%
Grand Isle,T.J. DONOVAN,412,915,4,390,0,1721,23.94%,53.17%,0.00%
Granville,T.J. DONOVAN,9,26,0,21,0,56,16.07%,46.43%,0.00%
Granville,T.J. DONOVAN,127,23,0,21,0,171,74.27%,13.45%,0.00%
Greensboro,T.J. DONOVAN,93,343,1,124,0,561,16.58%,61.14%,0.00%
Groton,T.J. DONOVAN,24,227,0,99,0,350,6.86%,64.86%,0.00%
Groton,T.J. DONOVAN,269,3,0,99,0,371,72.51%,0.81%,0.00%
Guildhall,H. BROOKE PAIGE,91,75,0,18,0,184,49.46%,40.76%,0.00%
Guilford,T.J. DONOVAN,62,292,0,330,0,684,9.06%,42.69%,0.00%
Guilford,T.J. DONOVAN,899,29,0,330,0,1258,71.46%,2.31%,0.00%
Halifax,T.J. DONOVAN,180,245,0,126,0,551,32.67%,44.46%,0.00%
Hancock,T.J. DONOVAN,5,48,0,30,0,83,6.02%,57.83%,0.00%
Hancock,T.J. DONOVAN,110,72,0,30,0,212,51.89%,33.96%,0.00%
Hardwick,T.J. DONOVAN,482,949,1,344,0,1776,27.14%,53.43%,0.00%
Hartford,T.J. DONOVAN,305,1485,106,4896,0,6792,4.49%,21.86%,0.00%
Hartford,T.J. DONOVAN,4032,102,106,4896,0,9136,44.13%,1.12%,0.00%
Hartland,T.J. DONOVAN,571,1358,5,1116,0,3050,18.72%,44.52%,0.00%
Highgate,T.J. DONOVAN,51,686,3,576,0,1316,3.88%,52.13%,0.00%
Highgate,T.J. DONOVAN,909,92,3,576,0,1580,57.53%,5.82%,0.00%
Hinesburg,T.J. DONOVAN,568,2250,4,1452,0,4274,13.29%,52.64%,0.00%
Holland,H. BROOKE PAIGE,8,177,0,78,0,263,3.04%,67.30%,0.00%
Holland,H. BROOKE PAIGE,149,58,0,78,0,285,52.28%,20.35%,0.00%
Hubbardton,T.J. DONOVAN,118,228,0,81,0,427,27.63%,53.40%,0.00%
Huntington,T.J. DONOVAN,59,237,2,305,0,603,9.78%,39.30%,0.00%
Huntington,T.J. DONOVAN,1060,81,2,305,0,1448,73.20%,5.59%,0.00%
Hyde Park,T.J. DONOVAN,475,1096,5,552,0,2128,22.32%,51.50%,0.00%
Ira,T.J. DONOVAN,6,114,0,42,0,162,3.70%,70.37%,0.00%
Ira,T.J. DONOVAN,130,16,0,42,0,188,69.15%,8.51%,0.00%
Irasburg,H. BROOKE PAIGE,315,309,0,114,0,738,42.68%,41.87%,0.00%
Isle La Motte,T.J. DONOVAN,9,126,0,39,0,174,5.17%,72.41%,0.00%
Isle La Motte,T.J. DONOVAN,208,57,0,39,0,304,68.42%,18.75%,0.00%
Jamaica,T.J. DONOVAN,151,357,0,63,0,571,26.44%,62.52%,0.00%
Jay,T.J. DONOVAN,18,109,2,80,0,209,8.61%,52.15%,0.00%
Jay,T.J. DONOVAN,151,94,2,80,0,327,46.18%,28.75%,0.00%
Jericho,T.J. DONOVAN,799,2578,16,1872,0,5265,15.18%,48.96%,0.00%
Johnson,T.J. DONOVAN,92,422,1,472,0,987,9.32%,42.76%,0.00%
Johnson,T.J. DONOVAN,976,39,1,472,0,1488,65.59%,2.62%,0.00%
Killington,T.J. DONOVAN,248,477,0,222,0,947,26.19%,50.37%,0.00%
Kirby,T.J. DONOVAN,13,110,1,88,0,212,6.13%,51.89%,0.00%
Kirby,T.J. DONOVAN,186,4,1,88,0,279,66.67%,1.43%,0.00%
Landgrove,T.J. DONOVAN,22,98,0,33,0,153,14.38%,64.05%,0.00%
Leicester,T.J. DONOVAN,22,183,0,48,0,253,8.70%,72.33%,0.00%
Leicester,T.J. DONOVAN,323,5,0,48,0,376,85.90%,1.33%,0.00%
Lemington,T.J. DONOVAN,20,22,0,9,0,51,39.22%,43.14%,0.00%
Lincoln,T.J. DONOVAN,38,167,0,177,0,382,9.95%,43.72%,0.00%
Lincoln,T.J. DONOVAN,702,84,0,177,0,963,72.90%,8.72%,0.00%
Londonderry,T.J. DONOVAN,313,614,1,468,0,1396,22.42%,43.98%,0.00%
Lowell,H. BROOKE PAIGE,18,231,1,120,0,370,4.86%,62.43%,0.00%
Lowell,H. BROOKE PAIGE,212,95,1,120,0,428,49.53%,22.20%,0.00%
Ludlow,T.J. DONOVAN,395,656,2,520,0,1573,25.11%,41.70%,0.00%
Lunenburg,H. BROOKE PAIGE,42,300,3,135,0,480,8.75%,62.50%,0.00%
Lunenburg,H. BROOKE PAIGE,253,113,3,135,0,504,50.20%,22.42%,0.00%
Lyndon,T.J. DONOVAN,906,1284,6,1431,0,3627,24.98%,35.40%,0.00%
Maidstone,T.J. DONOVAN,3,63,0,39,0,105,2.86%,60.00%,0.00%
Maidstone,T.J. DONOVAN,66,122,0,39,0,227,29.07%,53.74%,0.00%
Manchester,T.J. DONOVAN,722,1670,7,2700,0,5099,14.16%,32.75%,0.00%
Marlboro,T.J. DONOVAN,44,89,3,294,0,430,10.23%,20.70%,0.00%
Marlboro,T.J. DONOVAN,465,42,3,294,0,804,57.84%,5.22%,0.00%
Marshfield,T.J. DONOVAN,281,574,3,438,0,1296,21.68%,44.29%,0.00%
Mendon,T.J. DONOVAN,40,260,1,176,0,477,8.39%,54.51%,0.00%
Mendon,T.J. DONOVAN,441,164,1,176,0,782,56.39%,20.97%,0.00%
Middlebury,T.J. DONOVAN,657,3249,11,3146,0,7063,9.30%,46.00%,0.00%
Middlesex,T.J. DONOVAN,44,215,5,760,0,1024,4.30%,21.00%,0.00%
Middlesex,T.J. DONOVAN,900,30,5,760,0,1695,53.10%,1.77%,0.00%
Middletown Springs,T.J. DONOVAN,203,288,0,102,0,593,34.23%,48.57%,0.00%
Milton,T.J. DONOVAN,206,1977,6,3099,0,5288,3.90%,37.39%,0.00%
Milton,T.J. DONOVAN,3678,53,6,3099,0,6836,53.80%,0.78%,0.00%
Monkton,T.J. DONOVAN,329,962,9,378,0,1678,19.61%,57.33%,0.00%
Montgomery,T.J. DONOVAN,56,228,0,177,0,461,12.15%,49.46%,0.00%
Montgomery,T.J. DONOVAN,418,275,0,177,0,870,48.05%,31.61%,0.00%
Montpelier,T.J. DONOVAN,478,4037,155,8734,0,13404,3.57%,30.12%,0.00%
Moretown,T.J. DONOVAN,45,191,2,470,0,708,6.36%,26.98%,0.00%
Moretown,T.J. DONOVAN,870,23,2,470,0,1365,63.74%,1.68%,0.00%
Morgan,T.J. DONOVAN,158,190,0,96,0,444,35.59%,42.79%,0.00%
Morristown,T.J. DONOVAN,129,755,8,2050,0,2942,4.38%,25.66%,0.00%
Morristown,T.J. DONOVAN,2137,50,8,2050,0,4245,50.34%,1.18%,0.00%
Mount Holly,T.J. DONOVAN,324,423,0,177,0,924,35.06%,45.78%,0.00%
Mount Tabor,T.J. DONOVAN,4,50,0,30,0,84,4.76%,59.52%,0.00%
Mount Tabor,T.J. DONOVAN,55,38,0,30,0,123,44.72%,30.89%,0.00%
New Haven,T.J. DONOVAN,335,744,1,248,0,1328,25.23%,56.02%,0.00%
Newark,T.J. DONOVAN,14,130,6,216,0,366,3.83%,35.52%,0.00%
Newark,T.J. DONOVAN,172,47,6,216,0,441,39.00%,10.66%,0.00%
Newbury,T.J. DONOVAN,425,681,0,222,0,1328,32.00%,51.28%,0.00%
Newfane,T.J. DONOVAN,62,228,2,530,0,822,7.54%,27.74%,0.00%
Newfane,T.J. DONOVAN,751,76,2,530,0,1359,55.26%,5.59%,0.00%
Newport City,T.J. DONOVAN,623,1055,9,424,0,2111,29.51%,49.98%,0.00%
Newport Town,T.J. DONOVAN,24,310,0,144,0,478,5.02%,64.85%,0.00%
Newport Town,T.J. DONOVAN,403,22,0,144,0,569,70.83%,3.87%,0.00%
North Hero,T.J. DONOVAN,211,453,0,81,0,745,28.32%,60.81%,0.00%
Northfield,T.J. DONOVAN,102,689,2,900,0,1693,6.02%,40.70%,0.00%
Northfield,T.J. DONOVAN,1530,1,2,900,0,2433,62.89%,0.04%,0.00%
Norton,H. BROOKE PAIGE,58,44,0,15,0,117,49.57%,37.61%,0.00%
Norwich,T.J. DONOVAN,97,234,5,1638,0,1974,4.91%,11.85%,0.00%
Norwich,T.J. DONOVAN,2010,18,5,1638,0,3671,54.75%,0.49%,0.00%
Orange,H. BROOKE PAIGE,286,273,12,117,0,688,41.57%,39.68%,0.00%
Orwell,T.J. DONOVAN,21,289,0,0,0,310,6.77%,93.23%,0.00%
Orwell,T.J. DONOVAN,401,18,0,0,0,419,95.70%,4.30%,0.00%
Panton,T.J. DONOVAN,114,274,0,45,0,433,26.33%,63.28%,0.00%
Pawlet,T.J. DONOVAN,46,323,0,177,0,546,8.42%,59.16%,0.00%
Pawlet,T.J. DONOVAN,465,41,0,177,0,683,68.08%,6.00%,0.00%
Peacham,T.J. DONOVAN,114,326,2,195,0,637,17.90%,51.18%,0.00%
Peru,T.J. DONOVAN,18,77,1,72,0,168,10.71%,45.83%,0.00%
Peru,T.J. DONOVAN,186,9,1,72,0,268,69.40%,3.36%,0.00%
Pittsfield,T.J. DONOVAN,95,205,1,96,0,397,23.93%,51.64%,0.00%
Pittsford,T.J. DONOVAN,56,641,3,804,0,1504,3.72%,42.62%,0.00%
Pittsford,T.J. DONOVAN,914,42,3,804,0,1763,51.84%,2.38%,0.00%
Plainfield,T.J. DONOVAN,140,585,5,0,0,730,19.18%,80.14%,0.00%
Plymouth,T.J. DONOVAN,21,115,0,15,0,151,13.91%,76.16%,0.00%
Plymouth,T.J. DONOVAN,230,29,0,15,0,274,83.94%,10.58%,0.00%
Pomfret,T.J. DONOVAN,135,482,1,136,0,754,17.90%,63.93%,0.00%
Poultney,T.J. DONOVAN,73,672,3,762,0,1510,4.83%,44.50%,0.00%
Poultney,T.J. DONOVAN,799,93,3,762,0,1657,48.22%,5.61%,0.00%
Pownal,T.J. DONOVAN,744,837,0,351,0,1932,38.51%,43.32%,0.00%
Proctor,T.J. DONOVAN,41,347,1,212,0,601,6.82%,57.74%,0.00%
Proctor,T.J. DONOVAN,524,107,1,212,0,844,62.09%,12.68%,0.00%
Putney,T.J. DONOVAN,192,1088,5,792,0,2077,9.24%,52.38%,0.00%
Randolph,T.J. DONOVAN,105,706,6,1368,0,2185,4.81%,32.31%,0.00%
Randolph,T.J. DONOVAN,1640,25,6,1368,0,3039,53.97%,0.82%,0.00%
Reading,T.J. DONOVAN,105,288,0,93,0,486,21.60%,59.26%,0.00%
Readsboro,T.J. DONOVAN,26,185,0,105,0,316,8.23%,58.54%,0.00%
Readsboro,T.J. DONOVAN,187,38,0,105,0,330,56.67%,11.52%,0.00%
Richford,T.J. DONOVAN,355,512,1,176,0,1044,34.00%,49.04%,0.00%
Richmond,T.J. DONOVAN,97,470,18,1323,0,1908,5.08%,24.63%,0.00%
Richmond,T.J. DONOVAN,2203,17,18,1323,0,3561,61.86%,0.48%,0.00%
Ripton,T.J. DONOVAN,57,271,1,100,0,429,13.29%,63.17%,0.00%
Rochester,T.J. DONOVAN,45,155,1,232,0,433,10.39%,35.80%,0.00%
Rochester,T.J. DONOVAN,478,240,1,232,0,951,50.26%,25.24%,0.00%
Rockingham,T.J. DONOVAN,616,1453,1,924,0,2994,20.57%,48.53%,0.00%
Roxbury,T.J. DONOVAN,20,108,0,105,0,233,8.58%,46.35%,0.00%
Roxbury,T.J. DONOVAN,277,69,0,105,0,451,61.42%,15.30%,0.00%
Royalton,T.J. DONOVAN,402,900,4,840,0,2146,18.73%,41.94%,0.00%
Rupert,T.J. DONOVAN,27,148,3,87,0,265,10.19%,55.85%,0.00%
Rupert,T.J. DONOVAN,235,299,3,87,0,624,37.66%,47.92%,0.00%
Rutland City,T.J. DONOVAN,2465,4667,19,2645,0,9796,25.16%,47.64%,0.00%
Rutland,T.J. DONOVAN,54,895,7,1548,0,2504,2.16%,35.74%,0.00%
Rutland,T.J. DONOVAN,1392,25,7,1548,0,2972,46.84%,0.84%,0.00%
Ryegate,T.J. DONOVAN,268,325,0,90,0,683,39.24%,47.58%,0.00%
St. Albans City,T.J. DONOVAN,137,787,5,1176,0,2105,6.51%,37.39%,0.00%
St. Albans City,T.J. DONOVAN,2008,98,5,1176,0,3287,61.09%,2.98%,0.00%
St. Albans Town,T.J. DONOVAN,1246,2274,5,1220,0,4745,26.26%,47.92%,0.00%
St. George,T.J. DONOVAN,16,105,6,96,0,223,7.17%,47.09%,0.00%
St. George,T.J. DONOVAN,300,142,6,96,0,544,55.15%,26.10%,0.00%
St. Johnsbury,T.J. DONOVAN,1070,1985,7,1836,0,4898,21.85%,40.53%,0.00%
Salisbury,T.J. DONOVAN,17,199,1,164,0,381,4.46%,52.23%,0.00%
Salisbury,T.J. DONOVAN,426,10,1,164,0,601,70.88%,1.66%,0.00%
Sandgate,T.J. DONOVAN,89,137,0,51,0,277,32.13%,49.46%,0.00%
Searsburg,H. BROOKE PAIGE,2,34,1,16,0,53,3.77%,64.15%,0.00%
Searsburg,H. BROOKE PAIGE,23,91,1,16,0,131,17.56%,69.47%,0.00%
Shaftsbury,T.J. DONOVAN,756,1228,2,830,0,2816,26.85%,43.61%,0.00%
Sharon,T.J. DONOVAN,40,235,1,184,0,460,8.70%,51.09%,0.00%
Sharon,T.J. DONOVAN,584,23,1,184,0,792,73.74%,2.90%,0.00%
Sheffield,T.J. DONOVAN,136,190,0,93,0,419,32.46%,45.35%,0.00%
Shelburne,T.J. DONOVAN,122,830,27,1656,0,2635,4.63%,31.50%,0.00%
Shelburne,T.J. DONOVAN,4128,32,27,1656,0,5843,70.65%,0.55%,0.00%
Sheldon,T.J. DONOVAN,391,532,2,290,0,1215,32.18%,43.79%,0.00%
Shoreham,T.J. DONOVAN,32,205,1,224,0,462,6.93%,44.37%,0.00%
Shoreham,T.J. DONOVAN,453,24,1,224,0,702,64.53%,3.42%,0.00%
Shrewsbury,T.J. DONOVAN,237,380,2,295,0,914,25.93%,41.58%,0.00%
South Burlington,T.J. DONOVAN,335,1809,28,6679,0,8851,3.78%,20.44%,0.00%
South Burlington,T.J. DONOVAN,9736,39,28,6679,0,16482,59.07%,0.24%,0.00%
South Hero,T.J. DONOVAN,297,922,3,268,0,1490,19.93%,61.88%,0.00%
Springfield,T.J. DONOVAN,293,1522,3,1881,0,3699,7.92%,41.15%,0.00%
Springfield,T.J. DONOVAN,2408,28,3,1881,0,4320,55.74%,0.65%,0.00%
Stamford,T.J. DONOVAN,224,224,1,280,0,729,30.73%,30.73%,0.00%
Stannard,T.J. DONOVAN,6,25,0,18,0,49,12.24%,51.02%,0.00%
Stannard,T.J. DONOVAN,77,39,0,18,0,134,57.46%,29.10%,0.00%
Starksboro,T.J. DONOVAN,283,661,0,150,0,1094,25.87%,60.42%,0.00%
Stockbridge,T.J. DONOVAN,28,104,0,78,0,210,13.33%,49.52%,0.00%
Stockbridge,T.J. DONOVAN,321,114,0,78,0,513,62.57%,22.22%,0.00%
Stowe,T.J. DONOVAN,711,2294,13,4508,0,7526,9.45%,30.48%,0.00%
Strafford,T.J. DONOVAN,47,103,4,360,0,514,9.14%,20.04%,0.00%
Strafford,T.J. DONOVAN,595,4,4,360,0,963,61.79%,0.42%,0.00%
Stratton,T.J. DONOVAN,68,107,0,36,0,211,32.23%,50.71%,0.00%
Sudbury,T.J. DONOVAN,10,103,1,92,0,206,4.85%,50.00%,0.00%
Sudbury,T.J. DONOVAN,254,30,1,92,0,377,67.37%,7.96%,0.00%
Sunderland,T.J. DONOVAN,222,364,1,160,0,747,29.72%,48.73%,0.00%
Sutton,T.J. DONOVAN,16,209,0,141,0,366,4.37%,57.10%,0.00%
Sutton,T.J. DONOVAN,270,106,0,141,0,517,52.22%,20.50%,0.00%
Swanton,T.J. DONOVAN,1212,1775,16,1431,0,4434,27.33%,40.03%,0.00%
Thetford,T.J. DONOVAN,92,367,3,822,0,1284,7.17%,28.58%,0.00%
Thetford,T.J. DONOVAN,1322,20,3,822,0,2167,61.01%,0.92%,0.00%
Tinmouth,T.J. DONOVAN,140,164,1,62,0,367,38.15%,44.69%,0.00%
Topsham,T.J. DONOVAN,27,272,0,111,0,410,6.59%,66.34%,0.00%
Topsham,T.J. DONOVAN,320,50,0,111,0,481,66.53%,10.40%,0.00%
Townshend,T.J. DONOVAN,175,482,0,216,0,873,20.05%,55.21%,0.00%
Troy,T.J. DONOVAN,23,320,0,123,0,466,4.94%,68.67%,0.00%
Troy,T.J. DONOVAN,418,44,0,123,0,585,71.45%,7.52%,0.00%
Tunbridge,T.J. DONOVAN,237,535,5,364,0,1141,20.77%,46.89%,0.00%
Underhill,T.J. DONOVAN,59,494,15,1350,0,1918,3.08%,25.76%,0.00%
Underhill,T.J. DONOVAN,1538,57,15,1350,0,2960,51.96%,1.93%,0.00%
Vergennes,T.J. DONOVAN,348,1024,1,288,0,1661,20.95%,61.65%,0.00%
Vernon,T.J. DONOVAN,56,476,15,498,0,1045,5.36%,45.55%,0.00%
Vernon,T.J. DONOVAN,616,25,15,498,0,1154,53.38%,2.17%,0.00%
Vershire,T.J. DONOVAN,114,249,1,168,0,532,21.43%,46.80%,0.00%
Victory,H. BROOKE PAIGE,1,29,0,6,0,36,2.78%,80.56%,0.00%
Victory,H. BROOKE PAIGE,24,51,0,6,0,81,29.63%,62.96%,0.00%
Waitsfield,T.J. DONOVAN,198,901,0,318,0,1417,13.97%,63.59%,0.00%
Walden,T.J. DONOVAN,27,184,0,93,0,304,8.88%,60.53%,0.00%
Walden,T.J. DONOVAN,353,63,0,93,0,509,69.35%,12.38%,0.00%
Wallingford,T.J. DONOVAN,476,675,2,480,0,1633,29.15%,41.33%,0.00%
Waltham,T.J. DONOVAN,34,70,0,24,0,128,26.56%,54.69%,0.00%
Waltham,T.J. DONOVAN,214,27,0,24,0,265,80.75%,10.19%,0.00%
Wardsboro,T.J. DONOVAN,143,287,0,132,0,562,25.44%,51.07%,0.00%
Warren,T.J. DONOVAN,54,189,1,388,0,632,8.54%,29.91%,0.00%
Warren,T.J. DONOVAN,929,31,1,388,0,1349,68.87%,2.30%,0.00%
Washington,T.J. DONOVAN,225,320,0,120,0,665,33.83%,48.12%,0.00%
Waterbury,T.J. DONOVAN,130,576,1,968,0,1675,7.76%,34.39%,0.00%
Waterbury,T.J. DONOVAN,2586,31,1,968,0,3586,72.11%,0.86%,0.00%
Waterford,T.J. DONOVAN,331,413,1,240,0,985,33.60%,41.93%,0.00%
Waterville,T.J. DONOVAN,16,164,1,128,0,309,5.18%,53.07%,0.00%
Waterville,T.J. DONOVAN,248,123,1,128,0,500,49.60%,24.60%,0.00%
Weathersfield,T.J. DONOVAN,623,930,1,524,0,2078,29.98%,44.75%,0.00%
Wells,H. BROOKE PAIGE,41,346,0,147,0,534,7.68%,64.79%,0.00%
Wells,H. BROOKE PAIGE,307,15,0,147,0,469,65.46%,3.20%,0.00%
West Fairlee,T.J. DONOVAN,113,213,0,63,0,389,29.05%,54.76%,0.00%
West Haven,T.J. DONOVAN,4,59,0,21,0,84,4.76%,70.24%,0.00%
West Haven,T.J. DONOVAN,81,43,0,21,0,145,55.86%,29.66%,0.00%
West Rutland,T.J. DONOVAN,513,563,1,228,0,1305,39.31%,43.14%,0.00%
West Windsor,T.J. DONOVAN,46,194,0,171,0,411,11.19%,47.20%,0.00%
West Windsor,T.J. DONOVAN,553,13,0,171,0,737,75.03%,1.76%,0.00%
Westfield,T.J. DONOVAN,122,181,1,132,0,436,27.98%,41.51%,0.00%
Westford,T.J. DONOVAN,43,355,1,380,0,779,5.52%,45.57%,0.00%
Westford,T.J. DONOVAN,943,142,1,380,0,1466,64.32%,9.69%,0.00%
Westminster,T.J. DONOVAN,376,1159,0,402,0,1937,19.41%,59.83%,0.00%
Westmore,T.J. DONOVAN,7,71,0,54,0,132,5.30%,53.79%,0.00%
Westmore,T.J. DONOVAN,144,21,0,54,0,219,65.75%,9.59%,0.00%
Weston,T.J. DONOVAN,105,298,0,111,0,514,20.43%,57.98%,0.00%
Weybridge,T.J. DONOVAN,19,79,3,140,0,241,7.88%,32.78%,0.00%
Weybridge,T.J. DONOVAN,481,11,3,140,0,635,75.75%,1.73%,0.00%
Wheelock,T.J. DONOVAN,157,251,1,144,0,553,28.39%,45.39%,0.00%
Whiting,T.J. DONOVAN,8,69,1,52,0,130,6.15%,53.08%,0.00%
Whiting,T.J. DONOVAN,127,38,1,52,0,218,58.26%,17.43%,0.00%
Whitingham,T.J. DONOVAN,313,352,0,222,0,887,35.29%,39.68%,0.00%
Williamstown,T.J. DONOVAN,51,734,5,944,0,1734,2.94%,42.33%,0.00%
Williamstown,T.J. DONOVAN,974,174,5,944,0,2097,46.45%,8.30%,0.00%
Williston,T.J. DONOVAN,1434,4854,15,6136,0,12439,11.53%,39.02%,0.00%
Wilmington,T.J. DONOVAN,54,334,12,505,0,905,5.97%,36.91%,0.00%
Wilmington,T.J. DONOVAN,673,30,12,505,0,1220,55.16%,2.46%,0.00%
Windham,T.J. DONOVAN,75,159,1,76,0,311,24.12%,51.13%,0.00%
Windsor,T.J. DONOVAN,108,513,2,700,0,1323,8.16%,38.78%,0.00%
Windsor,T.J. DONOVAN,1145,43,2,700,0,1890,60.58%,2.28%,0.00%
Winhall,T.J. DONOVAN,194,387,0,165,0,746,26.01%,51.88%,0.00%
Winooski,T.J. DONOVAN,259,454,10,2684,0,3407,7.60%,13.33%,0.00%
Winooski,T.J. DONOVAN,2763,43,10,2684,0,5500,50.24%,0.78%,0.00%
Wolcott,T.J. DONOVAN,261,578,0,165,0,1004,26.00%,57.57%,0.00%
Woodbury,T.J. DONOVAN,26,172,0,93,0,291,8.93%,59.11%,0.00%
Woodbury,T.J. DONOVAN,364,7,0,93,0,464,78.45%,1.51%,0.00%
Woodford,T.J. DONOVAN,81,95,1,48,0,225,36.00%,42.22%,0.00%
Woodstock,T.J. DONOVAN,78,394,3,585,0,1060,7.36%,37.17%,0.00%
Woodstock,T.J. DONOVAN,1458,36,3,585,0,2082,70.03%,1.73%,0.00%
Worcester,T.J. DONOVAN,99,457,0,117,0,673,14.71%,67.90%,0.00%
