Race,Office District,Candidate Name,Party,Percent of Votes,Count of Votes,# Precincts Counted,Total # of Precincts,Winner Flag
ATTORNEY GENERAL," ",T.J. DONOVAN,Dem,0%,0,0,275,false
ATTORNEY GENERAL," ",CRIS ERICSON,Prog,0%,0,0,275,false
ATTORNEY GENERAL," ",H. BROOKE PAIGE,GOP,0%,0,0,275,false
AUDITOR OF ACCOUNTS," ",DOUG HOFFER,Dem,0%,0,0,275,false
AUDITOR OF ACCOUNTS," ",CRIS ERICSON,Prog,0%,0,0,275,false
GOVERNOR," ",WAYNE BILLADO III,Other,0%,0,0,275,false
GOVERNOR," ",MICHAEL A. DEVOST,Other,0%,0,0,275,false
GOVERNOR," ",CHARLY DICKERSON,UNAFFILIATED,0%,0,0,275,false
GOVERNOR," ",KEVIN HOYT,Other,0%,0,0,275,false
GOVERNOR," ",ERYNN HAZLETT WHITNEY,Other,0%,0,0,275,false
GOVERNOR," ",DAVID ZUCKERMAN,Prog,0%,0,0,275,false
GOVERNOR," ",PHIL SCOTT,GOP,0%,0,0,275,false
GOVERNOR," ",EMILY PEYTON,TRUTH MATTERS,0%,0,0,275,false
LIEUTENANT GOVERNOR," ",WAYNE BILLADO III,Other,0%,0,0,275,false
LIEUTENANT GOVERNOR," ",RALPH CORBO,BANISH THE F35S,0%,0,0,275,false
LIEUTENANT GOVERNOR," ",MOLLY GRAY,Dem,0%,0,0,275,false
LIEUTENANT GOVERNOR," ",CRIS ERICSON,Prog,0%,0,0,275,false
LIEUTENANT GOVERNOR," ",SCOTT MILNE,GOP,0%,0,0,275,false
REPRESENTATIVE TO CONGRESS," ",PETER R. BECKER,Other,0%,0,0,275,false
REPRESENTATIVE TO CONGRESS," ",CHRISTOPHER HELALI,COMMUNIST ,0%,0,0,275,false
REPRESENTATIVE TO CONGRESS," ",MARCIA HORNE,Other,0%,0,0,275,false
REPRESENTATIVE TO CONGRESS," ",SHAWN ORR,Other,0%,0,0,275,false
REPRESENTATIVE TO CONGRESS," ",JERRY TRUDELL,Other,0%,0,0,275,false
REPRESENTATIVE TO CONGRESS," ",PETER WELCH,Dem,0%,0,0,275,false
REPRESENTATIVE TO CONGRESS," ",MIRIAM BERRY,GOP,0%,0,0,275,false
SECRETARY OF STATE," ",PAMALA SMITH,Other,0%,0,0,275,false
SECRETARY OF STATE," ",JIM CONDOS,Dem,0%,0,0,275,false
SECRETARY OF STATE," ",CRIS ERICSON,Prog,0%,0,0,275,false
SECRETARY OF STATE," ",H. BROOKE PAIGE,GOP,0%,0,0,275,false
STATE REPRESENTATIVE,ADDISON 1 REP,AMY SHELDON,Dem,0%,0,0,275,false
STATE REPRESENTATIVE,ADDISON 1 REP,ROBIN SCHEU,Dem,0%,0,0,275,false
STATE REPRESENTATIVE,ADDISON 1 REP,THOMAS A. HUGHES,GOP,0%,0,0,275,false
STATE REPRESENTATIVE,ADDISON 2 REP,PETER CONLON,Dem,0%,0,0,275,false
STATE REPRESENTATIVE,ADDISON 3 REP,DIANE LANPHER,Dem,0%,0,0,275,false
STATE REPRESENTATIVE,ADDISON 3 REP,MATT BIRONG,Dem,0%,0,0,275,false
STATE REPRESENTATIVE,ADDISON 3 REP,TIM BUSKEY,GOP,0%,0,0,275,false
STATE REPRESENTATIVE,ADDISON 3 REP,STEVE THURSTON,GOP,0%,0,0,275,false
STATE REPRESENTATIVE,ADDISON 4 REP,MARI CORDES,Dem,0%,0,0,275,false
STATE REPRESENTATIVE,ADDISON 4 REP,CALEB ELDER,Dem,0%,0,0,275,false
STATE REPRESENTATIVE,ADDISON 4 REP,VALERIE MULLIN,GOP,0%,0,0,275,false
STATE REPRESENTATIVE,ADDISON 4 REP,LYNN DIKE,GOP,0%,0,0,275,false
STATE REPRESENTATIVE,ADDISON 5 REP,JUBILEE MCGILL,Dem,0%,0,0,275,false
STATE REPRESENTATIVE,ADDISON 5 REP,HARVEY T. SMITH,GOP,0%,0,0,275,false
STATE REPRESENTATIVE,ADDISON-RUTLAND REP,"RICHARD ""SENSEI"" LENCHUS",Other,0%,0,0,275,false
STATE REPRESENTATIVE,ADDISON-RUTLAND REP,TERRY NORRIS,Other,0%,0,0,275,false
STATE REPRESENTATIVE,ADDISON-RUTLAND REP,RUTH SHATTUCK BERNSTEIN,Dem,0%,0,0,275,false
STATE REPRESENTATIVE,BENNINGTON 1 REP,NELSON BROWNELL,Dem,0%,0,0,275,false
STATE REPRESENTATIVE,BENNINGTON 2-1 REP,TIMOTHY R. CORCORAN II,Dem,0%,0,0,275,false
STATE REPRESENTATIVE,BENNINGTON 2-1 REP,DANE WHITMAN,Dem,0%,0,0,275,false
STATE REPRESENTATIVE,BENNINGTON 2-1 REP,COLLEEN HARRINGTON,GOP,0%,0,0,275,false
STATE REPRESENTATIVE,BENNINGTON 2-2 REP,PETER J. BRADY SR,Other,0%,0,0,275,false
STATE REPRESENTATIVE,BENNINGTON 2-2 REP,JIM CARROLL,Dem,0%,0,0,275,false
STATE REPRESENTATIVE,BENNINGTON 2-2 REP,MICHAEL NIGRO,Dem,0%,0,0,275,false
STATE REPRESENTATIVE,BENNINGTON 2-2 REP,MARY A. MORRISSEY,GOP,0%,0,0,275,false
STATE REPRESENTATIVE,BENNINGTON 3 REP,DAVID K. DURFEE,Dem,0%,0,0,275,false
STATE REPRESENTATIVE,BENNINGTON 3 REP,VICTOR K. HARWOOD JR,GOP,0%,0,0,275,false
STATE REPRESENTATIVE,BENNINGTON 4 REP,CYNTHIA BROWNING,Other,0%,0,0,275,false
STATE REPRESENTATIVE,BENNINGTON 4 REP,KATHLEEN JAMES,Dem,0%,0,0,275,false
STATE REPRESENTATIVE,BENNINGTON 4 REP,SETH BONGARTZ,Dem,0%,0,0,275,false
STATE REPRESENTATIVE,BENNINGTON-RUTLAND REP,LINDA JOY SULLIVAN,Dem,0%,0,0,275,false
STATE REPRESENTATIVE,CALEDONIA-1 REP,DYLAN STETSON,Prog,0%,0,0,275,false
STATE REPRESENTATIVE,CALEDONIA-1 REP,MARCIA ROBINSON MARTEL,GOP,0%,0,0,275,false
STATE REPRESENTATIVE,CALEDONIA-2 REP,CHIP TROIANO,Dem,0%,0,0,275,false
STATE REPRESENTATIVE,CALEDONIA-2 REP,JAMES CLARK,GOP,0%,0,0,275,false
STATE REPRESENTATIVE,CALEDONIA-3 REP,SCOTT BECK,GOP,0%,0,0,275,false
STATE REPRESENTATIVE,CALEDONIA-3 REP,FRANK EMPSALL,GOP,0%,0,0,275,false
STATE REPRESENTATIVE,CALEDONIA-3 REP,SCOTT CAMPBELL,Dem,0%,0,0,275,false
STATE REPRESENTATIVE,CALEDONIA-3 REP,BRICE C. SIMON,Dem,0%,0,0,275,false
STATE REPRESENTATIVE,CALEDONIA-4 REP,DENNIS R. LABOUNTY,Dem,0%,0,0,275,false
STATE REPRESENTATIVE,CALEDONIA-4 REP,DAVID HAMMOND,Dem,0%,0,0,275,false
STATE REPRESENTATIVE,CALEDONIA-4 REP,"MARTHA ""MARTY"" FELTUS",GOP,0%,0,0,275,false
STATE REPRESENTATIVE,CALEDONIA-4 REP,PATRICK SEYMOUR,GOP,0%,0,0,275,false
STATE REPRESENTATIVE,CALEDONIA-WASHINGTON REP,HENRY PEARL,Dem,0%,0,0,275,false
STATE REPRESENTATIVE,CALEDONIA-WASHINGTON REP,BRUCE A. MELENDY,GOP,0%,0,0,275,false
STATE REPRESENTATIVE,CHITTENDEN 10 REP,EMILY HECKER,Dem,0%,0,0,275,false
STATE REPRESENTATIVE,CHITTENDEN 10 REP,EMBER QUINN,Dem,0%,0,0,275,false
STATE REPRESENTATIVE,CHITTENDEN 10 REP,CHRIS MATTOS,GOP,0%,0,0,275,false
STATE REPRESENTATIVE,CHITTENDEN 10 REP,JOHN PALASIK,GOP,0%,0,0,275,false
STATE REPRESENTATIVE,CHITTENDEN 10 REP,TODD BUIK,Prog,0%,0,0,275,false
STATE REPRESENTATIVE,CHITTENDEN 4-1 REP,"MICHAEL ""MIKE"" YANTACHKA",Dem,0%,0,0,275,false
STATE REPRESENTATIVE,CHITTENDEN 4-2 REP,BILL LIPPERT,Dem,0%,0,0,275,false
STATE REPRESENTATIVE,CHITTENDEN 4-2 REP,SARAH TOSCANO,GOP,0%,0,0,275,false
STATE REPRESENTATIVE,CHITTENDEN 5-1 REP,KATE WEBB,Dem,0%,0,0,275,false
STATE REPRESENTATIVE,CHITTENDEN 5-2 REP,JESSICA BRUMSTED,Dem,0%,0,0,275,false
STATE REPRESENTATIVE,CHITTENDEN 6-1 REP,CAROL ODE,Dem,0%,0,0,275,false
STATE REPRESENTATIVE,CHITTENDEN 6-1 REP,ROBERT HOOPER,Dem,0%,0,0,275,false
STATE REPRESENTATIVE,CHITTENDEN 6-2 REP,EMMA MULVANEY-STANAK,Prog,0%,0,0,275,false
STATE REPRESENTATIVE,CHITTENDEN 6-3 REP,JILL KROWINSKI,Dem,0%,0,0,275,false
STATE REPRESENTATIVE,CHITTENDEN 6-3 REP,CURT MCCORMACK,Dem,0%,0,0,275,false
STATE REPRESENTATIVE,CHITTENDEN 6-4 REP,SELENE COLBURN,Prog,0%,0,0,275,false
STATE REPRESENTATIVE,CHITTENDEN 6-4 REP,BRIAN CINA,Prog,0%,0,0,275,false
STATE REPRESENTATIVE,CHITTENDEN 6-5 REP,TOM LICATA,Other,0%,0,0,275,false
STATE REPRESENTATIVE,CHITTENDEN 6-5 REP,TIFF BLUEMLE,Dem,0%,0,0,275,false
STATE REPRESENTATIVE,CHITTENDEN 6-5 REP,GABRIELLE STEBBINS,Dem,0%,0,0,275,false
STATE REPRESENTATIVE,CHITTENDEN 6-6 REP,BARBARA RACHELSON,Dem,0%,0,0,275,false
STATE REPRESENTATIVE,CHITTENDEN 6-7 REP,JAMES EHLERS,Other,0%,0,0,275,false
STATE REPRESENTATIVE,CHITTENDEN 6-7 REP,TAYLOR SMALL,Prog,0%,0,0,275,false
STATE REPRESENTATIVE,CHITTENDEN 6-7 REP,HAL COLSTON,Dem,0%,0,0,275,false
STATE REPRESENTATIVE,CHITTENDEN 7-1 REP,MARTIN LALONDE,Dem,0%,0,0,275,false
STATE REPRESENTATIVE,CHITTENDEN 7-2 REP,ANN PUGH,Dem,0%,0,0,275,false
STATE REPRESENTATIVE,CHITTENDEN 7-2 REP,STEVE FISHER,GOP,0%,0,0,275,false
STATE REPRESENTATIVE,CHITTENDEN 7-3 REP,JOHN KILLACKY,Dem,0%,0,0,275,false
STATE REPRESENTATIVE,CHITTENDEN 7-4 REP,MAIDA F. TOWNSEND,Dem,0%,0,0,275,false
STATE REPRESENTATIVE,CHITTENDEN 8-1 REP,V. CHASE,Other,0%,0,0,275,false
STATE REPRESENTATIVE,CHITTENDEN 8-1 REP,MARYSE B. DUNBAR,GOP,0%,0,0,275,false
STATE REPRESENTATIVE,CHITTENDEN 8-1 REP,THOMAS M. NELSON,GOP,0%,0,0,275,false
STATE REPRESENTATIVE,CHITTENDEN 8-1 REP,MARYBETH REDMOND,Dem,0%,0,0,275,false
STATE REPRESENTATIVE,CHITTENDEN 8-1 REP,TANYA VYHOVSKY,Prog,0%,0,0,275,false
STATE REPRESENTATIVE,CHITTENDEN 8-2 REP,LORI HOUGHTON,Dem,0%,0,0,275,false
STATE REPRESENTATIVE,CHITTENDEN 8-2 REP,KAREN DOLAN,Dem,0%,0,0,275,false
STATE REPRESENTATIVE,CHITTENDEN 8-2 REP,EDMOND J. DAUDELIN,GOP,0%,0,0,275,false
STATE REPRESENTATIVE,CHITTENDEN 8-2 REP,BRETT L. GASKILL,GOP,0%,0,0,275,false
STATE REPRESENTATIVE,CHITTENDEN 8-3 REP,ANDY WATTS,Other,0%,0,0,275,false
STATE REPRESENTATIVE,CHITTENDEN 8-3 REP,ALYSSA BLACK,Dem,0%,0,0,275,false
STATE REPRESENTATIVE,CHITTENDEN 8-3 REP,ROBERT L. BANCROFT,GOP,0%,0,0,275,false
STATE REPRESENTATIVE,CHITTENDEN 9-1 REP,CURT TAYLOR,Dem,0%,0,0,275,false
STATE REPRESENTATIVE,CHITTENDEN 9-1 REP,SETH CHASE,Dem,0%,0,0,275,false
STATE REPRESENTATIVE,CHITTENDEN 9-1 REP,DOUG WOOD,GOP,0%,0,0,275,false
STATE REPRESENTATIVE,CHITTENDEN 9-1 REP,DESERAE MORIN,GOP,0%,0,0,275,false
STATE REPRESENTATIVE,CHITTENDEN 9-2 REP,SARITA AUSTIN,Dem,0%,0,0,275,false
STATE REPRESENTATIVE,CHITTENDEN 9-2 REP,PATRICK BRENNAN,GOP,0%,0,0,275,false
STATE REPRESENTATIVE,CHITTENDEN 9-2 REP,JON LYNCH,GOP,0%,0,0,275,false
STATE REPRESENTATIVE,CHITTENDEN-1 REP,JANA BROWN,Dem,0%,0,0,275,false
STATE REPRESENTATIVE,CHITTENDEN-1 REP,TERRY MOULTROUP,Other,0%,0,0,275,false
STATE REPRESENTATIVE,CHITTENDEN-2 REP,ERIN BRADY,Dem,0%,0,0,275,false
STATE REPRESENTATIVE,CHITTENDEN-2 REP,JIM MCCULLOUGH,Dem,0%,0,0,275,false
STATE REPRESENTATIVE,CHITTENDEN-2 REP,"ANTHONY ""TONY"" O'ROURKE",GOP,0%,0,0,275,false
STATE REPRESENTATIVE,CHITTENDEN-3 REP,TOMAS CUMMINGS,Other,0%,0,0,275,false
STATE REPRESENTATIVE,CHITTENDEN-3 REP,TREVOR J. SQUIRRELL,Dem,0%,0,0,275,false
STATE REPRESENTATIVE,CHITTENDEN-3 REP,GEORGE TILL,Dem,0%,0,0,275,false
STATE REPRESENTATIVE,CHITTENDEN-3 REP,PAUL GROSS,GOP,0%,0,0,275,false
STATE REPRESENTATIVE,CHITTENDEN-3 REP,BENJAMIN MUTOLO,GOP,0%,0,0,275,false
STATE REPRESENTATIVE,ESSEX-CALEDONIA REP,"CLEMENT ""CLEM"" BISSONNETTE",Dem,0%,0,0,275,false
STATE REPRESENTATIVE,ESSEX-CALEDONIA REP,TERRI LYNN WILLIAMS,GOP,0%,0,0,275,false
STATE REPRESENTATIVE,ESSEX-CALEDONIA-ORLEANS REP,PAUL LEFEBVRE,Other,0%,0,0,275,false
STATE REPRESENTATIVE,ESSEX-CALEDONIA-ORLEANS REP,MARTHA W. ALLEN,Dem,0%,0,0,275,false
STATE REPRESENTATIVE,FRANKLIN 1 REP,BEN CHIAPPINELLI,Other,0%,0,0,275,false
STATE REPRESENTATIVE,FRANKLIN 1 REP,CARL ROSENQUIST,GOP,0%,0,0,275,false
STATE REPRESENTATIVE,FRANKLIN 2 REP,BARBARA SMITH MURPHY,Other,0%,0,0,275,false
STATE REPRESENTATIVE,FRANKLIN 3-1 REP,WAYNE BILLADO III,Other,0%,0,0,275,false
STATE REPRESENTATIVE,FRANKLIN 3-1 REP,MIKE MCCARTHY,Dem,0%,0,0,275,false
STATE REPRESENTATIVE,FRANKLIN 3-1 REP,DAVID GLIDDEN,Dem,0%,0,0,275,false
STATE REPRESENTATIVE,FRANKLIN 3-1 REP,CASEY TOOF,GOP,0%,0,0,275,false
STATE REPRESENTATIVE,FRANKLIN 3-1 REP,BRUCE F. CHEESEMAN,GOP,0%,0,0,275,false
STATE REPRESENTATIVE,FRANKLIN 3-2 REP,"EILEEN ""LYNN"" DICKINSON",GOP,0%,0,0,275,false
STATE REPRESENTATIVE,FRANKLIN 4 REP,NICHOLAS A. BROSSEAU,Dem,0%,0,0,275,false
STATE REPRESENTATIVE,FRANKLIN 4 REP,BRIAN K. SAVAGE,GOP,0%,0,0,275,false
STATE REPRESENTATIVE,FRANKLIN 4 REP,ROBERT W. NORRIS,GOP,0%,0,0,275,false
STATE REPRESENTATIVE,FRANKLIN 5 REP,CHAREN FEGARD,Dem,0%,0,0,275,false
STATE REPRESENTATIVE,FRANKLIN 5 REP,DANIEL NADEAU,Dem,0%,0,0,275,false
STATE REPRESENTATIVE,FRANKLIN 5 REP,LISA A. HANGO,GOP,0%,0,0,275,false
STATE REPRESENTATIVE,FRANKLIN 5 REP,PAUL MARTIN,GOP,0%,0,0,275,false
STATE REPRESENTATIVE,FRANKLIN 6 REP,JAMES GREGOIRE,GOP,0%,0,0,275,false
STATE REPRESENTATIVE,FRANKLIN 7 REP,DENNIS A. WILLIAMS,Prog,0%,0,0,275,false
STATE REPRESENTATIVE,FRANKLIN 7 REP,FELISHA ROSE LEFFLER,GOP,0%,0,0,275,false
STATE REPRESENTATIVE,GRAND ISLE-CHITTENDEN REP,MITZI JOHNSON,Dem,0%,0,0,275,false
STATE REPRESENTATIVE,GRAND ISLE-CHITTENDEN REP,ANDY JULOW,Dem,0%,0,0,275,false
STATE REPRESENTATIVE,GRAND ISLE-CHITTENDEN REP,LELAND J. MORGAN,GOP,0%,0,0,275,false
STATE REPRESENTATIVE,GRAND ISLE-CHITTENDEN REP,MICHAEL R. MORGAN,GOP,0%,0,0,275,false
STATE REPRESENTATIVE,LAMOILLE 1 REP,JO SABEL COURTNEY,Dem,0%,0,0,275,false
STATE REPRESENTATIVE,LAMOILLE 1 REP,HEIDI E. SCHEUERMANN,GOP,0%,0,0,275,false
STATE REPRESENTATIVE,LAMOILLE 2 REP,KATE DONNALLY,Dem,0%,0,0,275,false
STATE REPRESENTATIVE,LAMOILLE 2 REP,DANIEL NOYES,Dem,0%,0,0,275,false
STATE REPRESENTATIVE,LAMOILLE 2 REP,RICHARD J. BAILEY,GOP,0%,0,0,275,false
STATE REPRESENTATIVE,LAMOILLE 2 REP,SHAYNE SPENCE,GOP,0%,0,0,275,false
STATE REPRESENTATIVE,LAMOILLE 3 REP,LUCY ROGERS,Dem,0%,0,0,275,false
STATE REPRESENTATIVE,LAMOILLE 3 REP,FERRON WAMBOLD,GOP,0%,0,0,275,false
STATE REPRESENTATIVE,LAMOILLE-WASHINGTON REP,DAVID YACOVONE,Dem,0%,0,0,275,false
STATE REPRESENTATIVE,LAMOILLE-WASHINGTON REP,AVRAM PATT,Dem,0%,0,0,275,false
STATE REPRESENTATIVE,LAMOILLE-WASHINGTON REP,TYLER MACHIA,GOP,0%,0,0,275,false
STATE REPRESENTATIVE,LAMOILLE-WASHINGTON REP,SHANNARA JOHNSON,GOP,0%,0,0,275,false
STATE REPRESENTATIVE,ORANGE 1 REP,RAMA SCHNEIDER,Other,0%,0,0,275,false
STATE REPRESENTATIVE,ORANGE 1 REP,CARL DEMROW,Dem,0%,0,0,275,false
STATE REPRESENTATIVE,ORANGE 1 REP,KATE MACLEAN,Dem,0%,0,0,275,false
STATE REPRESENTATIVE,ORANGE 1 REP,RODNEY GRAHAM,GOP,0%,0,0,275,false
STATE REPRESENTATIVE,ORANGE 1 REP,SAMANTHA LEFEBVRE,GOP,0%,0,0,275,false
STATE REPRESENTATIVE,ORANGE 1 REP,SUSAN HATCH DAVIS,Prog,0%,0,0,275,false
STATE REPRESENTATIVE,ORANGE 2 REP,SARAH COPELAND HANZAS,Dem,0%,0,0,275,false
STATE REPRESENTATIVE,ORANGE 2 REP,ZACHARY MICHAEL LANG,GOP,0%,0,0,275,false
STATE REPRESENTATIVE,ORANGE-CALEDONIA REP,KELSEY ROOT-WINCHESTER,Dem,0%,0,0,275,false
STATE REPRESENTATIVE,ORANGE-CALEDONIA REP,JOE PARSONS,GOP,0%,0,0,275,false
STATE REPRESENTATIVE,ORANGE-WASHINGTON-ADDISON REP,KEVIN P. DOERING,Other,0%,0,0,275,false
STATE REPRESENTATIVE,ORANGE-WASHINGTON-ADDISON REP,PETER REED,Other,0%,0,0,275,false
STATE REPRESENTATIVE,ORANGE-WASHINGTON-ADDISON REP,JAY HOOPER,Dem,0%,0,0,275,false
STATE REPRESENTATIVE,ORANGE-WASHINGTON-ADDISON REP,LARRY SATCOWITZ,Dem,0%,0,0,275,false
STATE REPRESENTATIVE,ORANGE-WASHINGTON-ADDISON REP,CHARLES RUSSELL,GOP,0%,0,0,275,false
STATE REPRESENTATIVE,ORANGE-WASHINGTON-ADDISON REP,JOSEPH ROCHE,GOP,0%,0,0,275,false
STATE REPRESENTATIVE,ORLEANS 1 REP,BRIAN SMITH,GOP,0%,0,0,275,false
STATE REPRESENTATIVE,ORLEANS 1 REP,LYNN D. BATCHELOR,GOP,0%,0,0,275,false
STATE REPRESENTATIVE,ORLEANS 2 REP,MICHAEL J. MARCOTTE,GOP,0%,0,0,275,false
STATE REPRESENTATIVE,ORLEANS 2 REP,"WOODMAN ""WOODY"" H. PAGE",GOP,0%,0,0,275,false
STATE REPRESENTATIVE,ORLEANS-CALEDONIA REP,FRANK HUARD,Other,0%,0,0,275,false
STATE REPRESENTATIVE,ORLEANS-CALEDONIA REP,KATHERINE SIMS,Dem,0%,0,0,275,false
STATE REPRESENTATIVE,ORLEANS-CALEDONIA REP,JOHN ELWELL,Dem,0%,0,0,275,false
STATE REPRESENTATIVE,ORLEANS-CALEDONIA REP,VICKI STRONG,GOP,0%,0,0,275,false
STATE REPRESENTATIVE,ORLEANS-CALEDONIA REP,JEANNINE A. YOUNG,GOP,0%,0,0,275,false
STATE REPRESENTATIVE,ORLEANS-LAMOILLE REP,MARK A. HIGLEY,GOP,0%,0,0,275,false
STATE REPRESENTATIVE,RUTLAND 1 REP,TYLER-JOSEPH BALLARD,Other,0%,0,0,275,false
STATE REPRESENTATIVE,RUTLAND 1 REP,PATRICIA A. MCCOY,GOP,0%,0,0,275,false
STATE REPRESENTATIVE,RUTLAND 2 REP,DAVE POTTER,Dem,0%,0,0,275,false
STATE REPRESENTATIVE,RUTLAND 2 REP,KEN FREDETTE,Dem,0%,0,0,275,false
STATE REPRESENTATIVE,RUTLAND 2 REP,ARTHUR PETERSON,GOP,0%,0,0,275,false
STATE REPRESENTATIVE,RUTLAND 2 REP,TOM BURDITT,GOP,0%,0,0,275,false
STATE REPRESENTATIVE,RUTLAND 3 REP,"ROBERT ""BOB"" RICHARDS",Dem,0%,0,0,275,false
STATE REPRESENTATIVE,RUTLAND 3 REP,"WILLIAM ""BILL"" CANFIELD",GOP,0%,0,0,275,false
STATE REPRESENTATIVE,RUTLAND 3 REP,"ROBERT ""BOB"" HELM",GOP,0%,0,0,275,false
STATE REPRESENTATIVE,RUTLAND 4 REP,BARBARA NOYES PULLING,Dem,0%,0,0,275,false
STATE REPRESENTATIVE,RUTLAND 4 REP,THOMAS TERENZINI,GOP,0%,0,0,275,false
STATE REPRESENTATIVE,RUTLAND 5-1 REP,PETER J. FAGAN,GOP,0%,0,0,275,false
STATE REPRESENTATIVE,RUTLAND 5-2 REP,"LARRY ""COOPER"" CUPOLI",GOP,0%,0,0,275,false
STATE REPRESENTATIVE,RUTLAND 5-3 REP,MARY E. HOWARD,Dem,0%,0,0,275,false
STATE REPRESENTATIVE,RUTLAND 5-3 REP,JOHN P. CIOFFI JR,GOP,0%,0,0,275,false
STATE REPRESENTATIVE,RUTLAND 5-4 REP,WILLIAM NOTTE,Dem,0%,0,0,275,false
STATE REPRESENTATIVE,RUTLAND 5-4 REP,SHERRI PROUTY,GOP,0%,0,0,275,false
STATE REPRESENTATIVE,RUTLAND 6 REP,STEPHANIE Z. JEROME,Dem,0%,0,0,275,false
STATE REPRESENTATIVE,RUTLAND 6 REP,"CHARLES ""BUTCH"" SHAW",GOP,0%,0,0,275,false
STATE REPRESENTATIVE,RUTLAND 6 REP,DAVID SOULIA,GOP,0%,0,0,275,false
STATE REPRESENTATIVE,RUTLAND-BENNINGTON REP,ROBIN CHESNUT-TANGERMAN,Prog,0%,0,0,275,false
STATE REPRESENTATIVE,RUTLAND-BENNINGTON REP,SALLY ACHEY,GOP,0%,0,0,275,false
STATE REPRESENTATIVE,RUTLAND-WINDSOR 1 REP,JIM HARRISON,GOP,0%,0,0,275,false
STATE REPRESENTATIVE,RUTLAND-WINDSOR 2 REP,LOGAN NICOLL,Dem,0%,0,0,275,false
STATE REPRESENTATIVE,WASHINGTON 1 REP,DENISE MACMARTIN,Dem,0%,0,0,275,false
STATE REPRESENTATIVE,WASHINGTON 1 REP,"ROBERT ""ROB"" LEHMERT",Dem,0%,0,0,275,false
STATE REPRESENTATIVE,WASHINGTON 1 REP,ANNE B. DONAHUE,GOP,0%,0,0,275,false
STATE REPRESENTATIVE,WASHINGTON 1 REP,KENNETH W. GOSLANT,GOP,0%,0,0,275,false
STATE REPRESENTATIVE,WASHINGTON 1 REP,GORDON BOCK,Other,0%,0,0,275,false
STATE REPRESENTATIVE,WASHINGTON 2 REP,"FRANCIS ""TOPPER"" MCFAUN",GOP,0%,0,0,275,false
STATE REPRESENTATIVE,WASHINGTON 2 REP,ROB LACLAIR,GOP,0%,0,0,275,false
STATE REPRESENTATIVE,WASHINGTON 3 REP,PETER D. ANTHONY,Dem,0%,0,0,275,false
STATE REPRESENTATIVE,WASHINGTON 3 REP,TOMMY WALZ,Dem,0%,0,0,275,false
STATE REPRESENTATIVE,WASHINGTON 3 REP,JOHN STEINMAN,GOP,0%,0,0,275,false
STATE REPRESENTATIVE,WASHINGTON 3 REP,KAREN LAUZON,GOP,0%,0,0,275,false
STATE REPRESENTATIVE,WASHINGTON 4 REP,MARY S. HOOPER,Dem,0%,0,0,275,false
STATE REPRESENTATIVE,WASHINGTON 4 REP,WARREN KITZMILLER,Dem,0%,0,0,275,false
STATE REPRESENTATIVE,WASHINGTON 4 REP,GLENNIE FITZGERALD SEWELL,Prog,0%,0,0,275,false
STATE REPRESENTATIVE,WASHINGTON 5 REP,MATTHEW S. SELLERS,Other,0%,0,0,275,false
STATE REPRESENTATIVE,WASHINGTON 5 REP,KIMBERLY JESSUP,Dem,0%,0,0,275,false
STATE REPRESENTATIVE,WASHINGTON 6 REP,LEWIS G. GRAHAM JR,VETS FOR VETS,0%,0,0,275,false
STATE REPRESENTATIVE,WASHINGTON 6 REP,JANET ANCEL,Dem,0%,0,0,275,false
STATE REPRESENTATIVE,WASHINGTON 7 REP,MAXINE GRAD,Dem,0%,0,0,275,false
STATE REPRESENTATIVE,WASHINGTON 7 REP,KARI DOLAN,Dem,0%,0,0,275,false
STATE REPRESENTATIVE,WASHINGTON-CHITTENDEN REP,CHRIS VIENS,Other,0%,0,0,275,false
STATE REPRESENTATIVE,WASHINGTON-CHITTENDEN REP,THERESA A. M. WOOD,Dem,0%,0,0,275,false
STATE REPRESENTATIVE,WASHINGTON-CHITTENDEN REP,THOMAS STEVENS,Dem,0%,0,0,275,false
STATE REPRESENTATIVE,WASHINGTON-CHITTENDEN REP,BROCK CODERRE,GOP,0%,0,0,275,false
STATE REPRESENTATIVE,WINDHAM 1 REP,SARA COFFEY,Dem,0%,0,0,275,false
STATE REPRESENTATIVE,WINDHAM 2-1 REP,EMILIE KORNHEISER,Dem,0%,0,0,275,false
STATE REPRESENTATIVE,WINDHAM 2-1 REP,RICHARD MORTON,GOP,0%,0,0,275,false
STATE REPRESENTATIVE,WINDHAM 2-2 REP,MOLLIE S. BURKE,Prog,0%,0,0,275,false
STATE REPRESENTATIVE,WINDHAM 2-3 REP,TRISTAN TOLENO,Dem,0%,0,0,275,false
STATE REPRESENTATIVE,WINDHAM 3 REP,RYAN COYNE,Other,0%,0,0,275,false
STATE REPRESENTATIVE,WINDHAM 3 REP,LESLIE GOLDMAN,Dem,0%,0,0,275,false
STATE REPRESENTATIVE,WINDHAM 3 REP,CAROLYN W. PARTRIDGE,Dem,0%,0,0,275,false
STATE REPRESENTATIVE,WINDHAM 4 REP,MIKE MROWICKI,Dem,0%,0,0,275,false
STATE REPRESENTATIVE,WINDHAM 4 REP,MICHELLE BOS-LUN,Dem,0%,0,0,275,false
STATE REPRESENTATIVE,WINDHAM 5 REP,EMILY LONG,Dem,0%,0,0,275,false
STATE REPRESENTATIVE,WINDHAM 6 REP,JOHN GANNON,Dem,0%,0,0,275,false
STATE REPRESENTATIVE,WINDHAM 6 REP,AMY KAMSTRA,GOP,0%,0,0,275,false
STATE REPRESENTATIVE,WINDHAM-BENNINGTON REP,LAURA SIBILIA,Other,0%,0,0,275,false
STATE REPRESENTATIVE,WINDHAM-BENNINGTON REP,MATTHEW SOMERVILLE,GOP,0%,0,0,275,false
STATE REPRESENTATIVE,WINDHAM-BENNINGTON-WINDSOR REP,KELLY MACLAURY PAJALA,Other,0%,0,0,275,false
STATE REPRESENTATIVE,WINDSOR 1 REP,JOHN MACGOVERN,Other,0%,0,0,275,false
STATE REPRESENTATIVE,WINDSOR 1 REP,JOHN BARTHOLOMEW,Dem,0%,0,0,275,false
STATE REPRESENTATIVE,WINDSOR 1 REP,ELIZABETH BURROWS,Dem,0%,0,0,275,false
STATE REPRESENTATIVE,WINDSOR 1 REP,WESLEY RANEY,GOP,0%,0,0,275,false
STATE REPRESENTATIVE,WINDSOR 1 REP,JACOB HOLMES,GOP,0%,0,0,275,false
STATE REPRESENTATIVE,WINDSOR 2 REP,JOHN ARRISON,Dem,0%,0,0,275,false
STATE REPRESENTATIVE,WINDSOR 2 REP,SEAN WHALEN,Other,0%,0,0,275,false
STATE REPRESENTATIVE,WINDSOR 2 REP,MICHAEL F. KELL SR,GOP,0%,0,0,275,false
STATE REPRESENTATIVE,WINDSOR 3-1 REP,THOMAS A. BOCK,Dem,0%,0,0,275,false
STATE REPRESENTATIVE,WINDSOR 3-1 REP,CHESTER ALDEN,GOP,0%,0,0,275,false
STATE REPRESENTATIVE,WINDSOR 3-2 REP,KRISTI C. MORRIS,Dem,0%,0,0,275,false
STATE REPRESENTATIVE,WINDSOR 3-2 REP,ALICE M. EMMONS,Dem,0%,0,0,275,false
STATE REPRESENTATIVE,WINDSOR 3-2 REP,RANDY A. GRAY,GOP,0%,0,0,275,false
STATE REPRESENTATIVE,WINDSOR 3-2 REP,STUART BEAM,GOP,0%,0,0,275,false
STATE REPRESENTATIVE,WINDSOR 4-1 REP,HEATHER SURPRENANT,Prog,0%,0,0,275,false
STATE REPRESENTATIVE,WINDSOR 4-1 REP,MARK DONKA,GOP,0%,0,0,275,false
STATE REPRESENTATIVE,WINDSOR 4-2 REP,REBECCA WHITE,Dem,0%,0,0,275,false
STATE REPRESENTATIVE,WINDSOR 4-2 REP,"KEVIN ""COACH"" CHRISTIE",Dem,0%,0,0,275,false
STATE REPRESENTATIVE,WINDSOR 4-2 REP,ALICE FLANDERS,GOP,0%,0,0,275,false
STATE REPRESENTATIVE,WINDSOR 4-2 REP,NICHOLAS BRAMLAGE,Prog,0%,0,0,275,false
STATE REPRESENTATIVE,WINDSOR 5 REP,CHARLIE KIMBELL,Dem,0%,0,0,275,false
STATE REPRESENTATIVE,WINDSOR-ORANGE 1 REP,JOHN O'BRIEN,Dem,0%,0,0,275,false
STATE REPRESENTATIVE,WINDSOR-ORANGE 2 REP,JIM MASLAND,Dem,0%,0,0,275,false
STATE REPRESENTATIVE,WINDSOR-ORANGE 2 REP,TIM BRIGLIN,Dem,0%,0,0,275,false
STATE REPRESENTATIVE,WINDSOR-RUTLAND REP,KIRK WHITE,Dem,0%,0,0,275,false
STATE REPRESENTATIVE,WINDSOR-RUTLAND REP,WAYNE D. TOWNSEND,GOP,0%,0,0,275,false
STATE SENATOR,ADDISON SENATE,RUTH HARDY,Dem,0%,0,0,275,false
STATE SENATOR,ADDISON SENATE,CHRISTOPHER BRAY,Dem,0%,0,0,275,false
STATE SENATOR,ADDISON SENATE,PETER BRIGGS,GOP,0%,0,0,275,false
STATE SENATOR,ADDISON SENATE,ARCHIE FLOWER,Other,0%,0,0,275,false
STATE SENATOR,ADDISON SENATE,JON CHRISTIANO,GOP,0%,0,0,275,false
STATE SENATOR,BENNINGTON SENATE,KEVIN HOYT,Other,0%,0,0,275,false
STATE SENATOR,BENNINGTON SENATE,DICK SEARS,Dem,0%,0,0,275,false
STATE SENATOR,BENNINGTON SENATE,BRIAN CAMPION,Dem,0%,0,0,275,false
STATE SENATOR,BENNINGTON SENATE,"MICHAEL ""MIKE"" HALL",GOP,0%,0,0,275,false
STATE SENATOR,BENNINGTON SENATE,MEG HANSEN,GOP,0%,0,0,275,false
STATE SENATOR,CALEDONIA SENATE,JANE KITCHEL,Dem,0%,0,0,275,false
STATE SENATOR,CALEDONIA SENATE,MATTHEW CHOATE,Dem,0%,0,0,275,false
STATE SENATOR,CALEDONIA SENATE,JOE BENNING,GOP,0%,0,0,275,false
STATE SENATOR,CALEDONIA SENATE,CHARLES W. WILSON,GOP,0%,0,0,275,false
STATE SENATOR,CALEDONIA SENATE,J.T. DODGE,Other,0%,0,0,275,false
STATE SENATOR,CHITTENDEN SENATE,JAMES EHLERS,Other,0%,0,0,275,false
STATE SENATOR,CHITTENDEN SENATE,TOM CHASTENAY,GOP,0%,0,0,275,false
STATE SENATOR,CHITTENDEN SENATE,ERICKA REDIC,GOP,0%,0,0,275,false
STATE SENATOR,CHITTENDEN SENATE,"VIRGINIA ""GINNY"" LYONS",Dem,0%,0,0,275,false
STATE SENATOR,CHITTENDEN SENATE,KESHA RAM,Dem,0%,0,0,275,false
STATE SENATOR,CHITTENDEN SENATE,MICHAEL SIROTKIN,Dem,0%,0,0,275,false
STATE SENATOR,CHITTENDEN SENATE,PHIL BARUTH,Dem,0%,0,0,275,false
STATE SENATOR,CHITTENDEN SENATE,THOMAS CHITTENDEN,Dem,0%,0,0,275,false
STATE SENATOR,CHITTENDEN SENATE,CHRISTOPHER PEARSON,Prog,0%,0,0,275,false
STATE SENATOR,CHITTENDEN SENATE,"KUMULIA ""KASE"" LONG",GOP,0%,0,0,275,false
STATE SENATOR,CHITTENDEN SENATE,KYLIE HOLLINGSWORTH,GOP,0%,0,0,275,false
STATE SENATOR,CHITTENDEN SENATE,DEAN ROLLAND,GOP,0%,0,0,275,false
STATE SENATOR,CHITTENDEN SENATE,SUSAN BOWEN,GOP,0%,0,0,275,false
STATE SENATOR,ESSEX-ORLEANS SENATE,JOHN S. RODGERS,Other,0%,0,0,275,false
STATE SENATOR,ESSEX-ORLEANS SENATE,ROBERT STARR,Dem,0%,0,0,275,false
STATE SENATOR,ESSEX-ORLEANS SENATE,RON HORTON,Dem,0%,0,0,275,false
STATE SENATOR,ESSEX-ORLEANS SENATE,RUSS INGALLS,GOP,0%,0,0,275,false
STATE SENATOR,ESSEX-ORLEANS SENATE,JONATHAN L. MORIN,GOP,0%,0,0,275,false
STATE SENATOR,FRANKLIN SENATE,WAYNE BILLADO III,Other,0%,0,0,275,false
STATE SENATOR,FRANKLIN SENATE,RANDY BROCK,GOP,0%,0,0,275,false
STATE SENATOR,FRANKLIN SENATE,COREY PARENT,GOP,0%,0,0,275,false
STATE SENATOR,FRANKLIN SENATE,CHLOE COLLINS,Prog,0%,0,0,275,false
STATE SENATOR,FRANKLIN SENATE,LUKE RICHTER,Prog,0%,0,0,275,false
STATE SENATOR,GRAND ISLE SENATE,"RICHARD ""DICK"" MAZZA",Dem,0%,0,0,275,false
STATE SENATOR,LAMOILLE SENATE,RICHARD A. WESTMAN,GOP,0%,0,0,275,false
STATE SENATOR,ORANGE SENATE,MARK A. MACDONALD,Dem,0%,0,0,275,false
STATE SENATOR,ORANGE SENATE,BILL T. HUFF,GOP,0%,0,0,275,false
STATE SENATOR,RUTLAND SENATE,BRITTANY D. CAVACAS,Other,0%,0,0,275,false
STATE SENATOR,RUTLAND SENATE,CASEY JENNINGS,Other,0%,0,0,275,false
STATE SENATOR,RUTLAND SENATE,"RICHARD ""SENSEI"" LENCHUS",Other,0%,0,0,275,false
STATE SENATOR,RUTLAND SENATE,MICHAEL SHANK,Other,0%,0,0,275,false
STATE SENATOR,RUTLAND SENATE,CHERYL M. HOOKER,Dem,0%,0,0,275,false
STATE SENATOR,RUTLAND SENATE,GREG COX,Dem,0%,0,0,275,false
STATE SENATOR,RUTLAND SENATE,LARRY COURCELLE,Dem,0%,0,0,275,false
STATE SENATOR,RUTLAND SENATE,"BRIAN ""BC"" COLLAMORE",GOP,0%,0,0,275,false
STATE SENATOR,RUTLAND SENATE,JOSHUA C. TERENZINI,GOP,0%,0,0,275,false
STATE SENATOR,RUTLAND SENATE,TERRY K. WILLIAMS,GOP,0%,0,0,275,false
STATE SENATOR,WASHINGTON SENATE,PAUL VALLERAND,Other,0%,0,0,275,false
STATE SENATOR,WASHINGTON SENATE,ANN CUMMINGS,Dem,0%,0,0,275,false
STATE SENATOR,WASHINGTON SENATE,ANTHONY POLLINA,Prog,0%,0,0,275,false
STATE SENATOR,WASHINGTON SENATE,ANDREW PERCHLIK,Dem,0%,0,0,275,false
STATE SENATOR,WASHINGTON SENATE,DAWNMARIE TOMASI,GOP,0%,0,0,275,false
STATE SENATOR,WASHINGTON SENATE,DWAYNE TUCKER,GOP,0%,0,0,275,false
STATE SENATOR,WASHINGTON SENATE,KEN ALGER,GOP,0%,0,0,275,false
STATE SENATOR,WINDHAM SENATE,TYLER COLFORD,Other,0%,0,0,275,false
STATE SENATOR,WINDHAM SENATE,BECCA BALINT,Dem,0%,0,0,275,false
STATE SENATOR,WINDHAM SENATE,JEANETTE WHITE,Dem,0%,0,0,275,false
STATE SENATOR,WINDHAM SENATE,MARCUS R. PARISH,GOP,0%,0,0,275,false
STATE SENATOR,WINDHAM SENATE,JOHN LYDDY,GOP,0%,0,0,275,false
STATE SENATOR,WINDSOR SENATE,KEITH STERN,Other,0%,0,0,275,false
STATE SENATOR,WINDSOR SENATE,MASON WADE,Other,0%,0,0,275,false
STATE SENATOR,WINDSOR SENATE,DOUG WILBERDING,Other,0%,0,0,275,false
STATE SENATOR,WINDSOR SENATE,ALISON H. CLARKSON,Dem,0%,0,0,275,false
STATE SENATOR,WINDSOR SENATE,"RICHARD J. ""DICK"" MCCORMACK",Dem,0%,0,0,275,false
STATE SENATOR,WINDSOR SENATE,ALICE W. NITKA,Dem,0%,0,0,275,false
STATE SENATOR,WINDSOR SENATE,JACK WILLIAMS,GOP,0%,0,0,275,false
STATE SENATOR,WINDSOR SENATE,MICHAEL JASINSKI SR,GOP,0%,0,0,275,false
STATE TREASURER," ",ALEX WRIGHT,Other,0%,0,0,275,false
STATE TREASURER," ",BETH PEARCE,Dem,0%,0,0,275,false
STATE TREASURER," ",CRIS ERICSON,Prog,0%,0,0,275,false
STATE TREASURER," ",CAROLYN WHITNEY BRANAGAN,GOP,0%,0,0,275,false
US PRESIDENT AND VICE PRESIDENT," ","ROQUE ""ROCKY"" DE LA FUENTE and DARCY G. RICHARDSON",ALLIANCE,0%,0,0,275,false
US PRESIDENT AND VICE PRESIDENT," ",BRIAN CARROLL and AMAR PATEL,AMERICAN SOLIDARITY,0%,0,0,275,false
US PRESIDENT AND VICE PRESIDENT," ",BLAKE HUBER and FRANK ATWOOD,APPROVAL VOTING,0%,0,0,275,false
US PRESIDENT AND VICE PRESIDENT," ",GARY SWING and DAVID OLSZTA,BOILING FROG,0%,0,0,275,false
US PRESIDENT AND VICE PRESIDENT," ",JEROME SEGAL and JOHN DE GRAAF,BREAD AND ROSES,0%,0,0,275,false
US PRESIDENT AND VICE PRESIDENT," ",KEITH MCCORMIC and SAM BLASIAK,BULL MOOSE,0%,0,0,275,false
US PRESIDENT AND VICE PRESIDENT," ",CHRISTOPHER LAFONTAINE and MICHAEL SPEED,Other,0%,0,0,275,false
US PRESIDENT AND VICE PRESIDENT," ",DON BLANKENSHIP and BILL MOHR,CONSTITUTION,0%,0,0,275,false
US PRESIDENT AND VICE PRESIDENT," ",HOWIE HAWKINS and ANGELA WALKER,GREEN ,0%,0,0,275,false
US PRESIDENT AND VICE PRESIDENT," ",H. BROOKE PAIGE and THOMAS JAMES WITMAN,GRUMPY OLD PATRIOTS,0%,0,0,275,false
US PRESIDENT AND VICE PRESIDENT," ",KANYE WEST and MICHELLE TIDBALL,Other,0%,0,0,275,false
US PRESIDENT AND VICE PRESIDENT," ",KYLE KENLEY KOPITKE and TAJA YVONNE IWANOW,Other,0%,0,0,275,false
US PRESIDENT AND VICE PRESIDENT," ","JO JORGENSEN and JEREMY ""SPIKE"" COHEN",Other,0%,0,0,275,false
US PRESIDENT AND VICE PRESIDENT," ",GLORIA LARIVA and SUNIL FREEMAN,Other,0%,0,0,275,false
US PRESIDENT AND VICE PRESIDENT," ",PHIL COLLINS and BILLY JOE PARKER,PROHIBITION ,0%,0,0,275,false
US PRESIDENT AND VICE PRESIDENT," ",RICHARD DUNCAN and MITCH BUPP,Other,0%,0,0,275,false
US PRESIDENT AND VICE PRESIDENT," ",ZACHARY SCALF and MATTHEW LYDA,Other,0%,0,0,275,false
US PRESIDENT AND VICE PRESIDENT," ",ALYSON KENNEDY and MALCOLM JARRETT,SOCIALIST WORKERS,0%,0,0,275,false
US PRESIDENT AND VICE PRESIDENT," ",BROCK PIERCE and KARLA BALLARD,UNAFFILIATED,0%,0,0,275,false
US PRESIDENT AND VICE PRESIDENT," ",JOSEPH R. BIDEN and KAMALA D. HARRIS,Dem,0%,0,0,275,false
US PRESIDENT AND VICE PRESIDENT," ",DONALD J. TRUMP and MICHAEL R. PENCE,GOP,0%,0,0,275,false
