City/Town,Leading Candidate,ALYSON KENNEDY and MALCOLM JARRETT,BLAKE HUBER and FRANK ATWOOD,BRIAN CARROLL and AMAR PATEL,BROCK PIERCE and KARLA BALLARD,CHRISTOPHER LAFONTAINE and MICHAEL SPEED,DON BLANKENSHIP and BILL MOHR,DONALD J. TRUMP and MICHAEL R. PENCE,GARY SWING and DAVID OLSZTA,GLORIA LARIVA and SUNIL FREEMAN,H. BROOKE PAIGE and THOMAS JAMES WITMAN,HOWIE HAWKINS and ANGELA WALKER,JEROME SEGAL and JOHN DE GRAAF,JO JORGENSEN and JEREMY SPIKE COHEN,JOSEPH R. BIDEN and KAMALA D. HARRIS,KANYE WEST and MICHELLE TIDBALL,KEITH MCCORMIC and SAM BLASIAK,KYLE KENLEY KOPITKE and TAJA YVONNE IWANOW,PHIL COLLINS and BILLY JOE PARKER,RICHARD DUNCAN and MITCH BUPP,ROQUE ROCKY DE LA FUENTE and DARCY G. RICHARDSON,ZACHARY SCALF and MATTHEW LYDA,Write-Ins,Blanks,OverVotes,Total Votes Cast,DONALD J. TRUMP and MICHAEL R. PENCE Percent Votes Cast,JOSEPH R. BIDEN and KAMALA D. HARRIS Percent Votes Cast,OverVotes Percent
Addison,HOWIE HAWKINS and ANGELA WALKER,0,82,51,61,31,17,67,16,22,57,104,77,85,55,86,44,50,33,83,81,10,81,89,92,1374,4.88%,4.00%,6.70%
Albany,GLORIA LARIVA and SUNIL FREEMAN,35,81,43,37,93,80,55,14,108,75,97,80,85,67,49,105,53,22,62,24,61,82,106,111,1625,3.38%,4.12%,6.83%
Alburgh,JEROME SEGAL and JOHN DE GRAAF,25,6,5,41,81,6,69,27,63,63,27,92,79,66,5,30,19,11,41,43,26,98,104,97,1124,6.14%,5.87%,8.63%
Andover,ROQUE ROCKY DE LA FUENTE and DARCY G. RICHARDSON,71,71,39,86,72,20,45,52,18,78,37,99,81,5,60,2,65,64,15,102,60,105,111,105,1463,3.08%,0.34%,7.18%
Arlington,DONALD J. TRUMP and MICHAEL R. PENCE,8,69,39,88,14,4,93,14,82,9,88,39,88,7,84,77,22,58,59,49,78,123,87,108,1387,6.71%,0.50%,7.79%
Athens,GLORIA LARIVA and SUNIL FREEMAN,37,98,33,100,30,95,8,14,106,49,4,27,11,57,82,35,75,44,103,46,23,119,103,89,1388,0.58%,4.11%,6.41%
Bakersfield,GLORIA LARIVA and SUNIL FREEMAN,6,54,22,23,81,1,40,100,101,51,62,28,59,89,7,55,52,43,41,48,10,112,93,101,1279,3.13%,6.96%,7.90%
Baltimore,KYLE KENLEY KOPITKE and TAJA YVONNE IWANOW,70,60,91,40,92,84,9,66,21,41,79,82,60,18,65,33,97,54,4,37,9,100,91,102,1405,0.64%,1.28%,7.26%
Barnard,GLORIA LARIVA and SUNIL FREEMAN,16,25,83,67,69,73,35,10,105,8,89,4,68,94,39,53,60,36,20,20,85,88,121,83,1351,2.59%,6.96%,6.14%
Barnet,H. BROOKE PAIGE and THOMAS JAMES WITMAN,25,50,81,7,76,33,96,22,2,106,76,56,10,65,59,29,68,11,19,74,52,99,95,86,1297,7.40%,5.01%,6.63%
Barre City,KYLE KENLEY KOPITKE and TAJA YVONNE IWANOW,47,7,82,53,11,79,95,31,30,7,74,64,11,45,23,69,95,41,8,22,0,114,98,90,1196,7.94%,3.76%,7.53%
Barre Town,ALYSON KENNEDY and MALCOLM JARRETT,105,61,59,40,39,28,45,42,38,89,37,62,42,2,36,91,8,29,10,15,79,116,110,102,1285,3.50%,0.16%,7.94%
Barton,JO JORGENSEN and JEREMY SPIKE COHEN,1,10,65,103,74,86,71,83,20,15,18,80,104,83,33,69,10,28,26,31,2,108,100,99,1319,5.38%,6.29%,7.51%
Belvidere,DONALD J. TRUMP and MICHAEL R. PENCE,34,44,88,39,16,3,104,73,33,5,35,54,67,67,91,73,51,67,21,44,71,96,93,87,1356,7.67%,4.94%,6.42%
Bennington,CHRISTOPHER LAFONTAINE and MICHAEL SPEED,126,161,84,101,213,132,109,51,82,48,34,55,128,81,154,68,70,132,137,111,35,177,161,152,2602,4.19%,3.11%,5.84%
Benson,DON BLANKENSHIP and BILL MOHR,5,60,39,83,73,109,19,5,76,66,65,27,44,10,82,4,17,85,85,97,39,96,102,93,1381,1.38%,0.72%,6.73%
Berkshire,GLORIA LARIVA and SUNIL FREEMAN,47,66,10,19,23,90,55,70,98,51,95,58,45,53,61,40,74,80,53,23,72,103,89,94,1469,3.74%,3.61%,6.40%
Berlin,JO JORGENSEN and JEREMY SPIKE COHEN,11,43,34,10,19,22,14,8,38,12,77,70,89,16,66,7,54,44,52,44,15,77,83,87,992,1.41%,1.61%,8.77%
Bethel,JO JORGENSEN and JEREMY SPIKE COHEN,39,69,82,31,82,22,65,6,12,79,75,71,87,87,52,71,45,21,20,36,31,64,86,84,1317,4.94%,6.61%,6.38%
Bloomfield,GARY SWING and DAVID OLSZTA,69,88,33,37,78,53,57,104,47,29,4,57,33,49,4,66,81,13,79,89,43,77,99,107,1396,4.08%,3.51%,7.66%
Bolton,GARY SWING and DAVID OLSZTA,64,90,82,43,89,40,62,96,29,66,75,87,73,15,51,32,34,6,52,34,22,110,102,115,1469,4.22%,1.02%,7.83%
Bradford,GLORIA LARIVA and SUNIL FREEMAN,49,91,94,45,42,76,19,17,97,14,60,64,44,61,31,1,22,36,29,61,48,102,84,72,1259,1.51%,4.85%,5.72%
Braintree,PHIL COLLINS and BILLY JOE PARKER,96,91,64,37,11,35,44,17,92,85,0,71,46,50,92,0,78,105,31,17,5,131,101,72,1371,3.21%,3.65%,5.25%
Brandon,DONALD J. TRUMP and MICHAEL R. PENCE,20,35,67,42,54,14,107,39,18,50,20,76,19,3,83,52,51,51,68,49,31,94,96,75,1214,8.81%,0.25%,6.18%
Brattleboro,GLORIA LARIVA and SUNIL FREEMAN,192,145,195,170,169,203,202,174,233,138,49,135,136,125,186,163,162,165,105,146,202,278,299,277,4249,4.75%,2.94%,6.52%
Bridgewater,DON BLANKENSHIP and BILL MOHR,55,9,4,79,12,88,35,52,16,10,8,82,21,69,23,38,64,42,70,54,40,82,103,95,1151,3.04%,5.99%,8.25%
Bridport,JEROME SEGAL and JOHN DE GRAAF,12,69,99,5,52,77,67,47,47,22,0,108,30,99,68,86,100,55,68,57,11,79,93,99,1450,4.62%,6.83%,6.83%
Brighton,KANYE WEST and MICHELLE TIDBALL,81,78,30,62,54,75,46,75,33,65,63,17,89,87,92,5,47,7,83,76,42,102,132,120,1561,2.95%,5.57%,7.69%
Bristol,DON BLANKENSHIP and BILL MOHR,100,76,63,75,11,108,65,59,2,19,37,15,43,58,93,94,79,94,52,16,0,72,104,101,1436,4.53%,4.04%,7.03%
Brookfield,JEROME SEGAL and JOHN DE GRAAF,61,62,43,48,71,20,25,32,57,39,89,95,67,22,36,5,22,11,42,9,73,91,111,105,1236,2.02%,1.78%,8.50%
Brookline,JEROME SEGAL and JOHN DE GRAAF,79,39,83,60,60,33,16,36,61,63,30,109,85,51,33,7,54,64,41,24,45,99,89,109,1370,1.17%,3.72%,7.96%
Brownington,KANYE WEST and MICHELLE TIDBALL,46,5,78,67,51,3,36,2,3,7,80,16,44,56,103,48,23,11,45,80,31,79,110,113,1137,3.17%,4.93%,9.94%
Brunswick,KEITH MCCORMIC and SAM BLASIAK,56,83,16,37,75,48,3,60,17,6,17,43,23,70,5,95,6,21,76,37,4,83,107,85,1073,0.28%,6.52%,7.92%
Burke,H. BROOKE PAIGE and THOMAS JAMES WITMAN,85,81,20,80,36,81,76,70,64,92,35,40,7,30,34,72,13,31,74,24,81,90,95,82,1393,5.46%,2.15%,5.89%
Burlington,KANYE WEST and MICHELLE TIDBALL,392,363,450,355,287,418,289,340,326,456,420,356,287,448,559,326,371,272,290,401,365,699,665,698,9833,2.94%,4.56%,7.10%
Cabot,GARY SWING and DAVID OLSZTA,58,16,82,37,22,80,64,100,63,63,60,23,7,12,10,59,100,22,89,21,9,104,99,83,1283,4.99%,0.94%,6.47%
Calais,H. BROOKE PAIGE and THOMAS JAMES WITMAN,97,38,5,33,63,38,60,17,59,109,48,91,13,35,66,40,22,15,91,69,12,76,98,106,1301,4.61%,2.69%,8.15%
Cambridge,JO JORGENSEN and JEREMY SPIKE COHEN,74,80,10,22,75,64,14,28,63,24,30,18,87,6,77,58,22,26,85,11,87,101,94,96,1252,1.12%,0.48%,7.67%
Canaan,DON BLANKENSHIP and BILL MOHR,44,17,44,33,29,101,66,4,55,32,48,85,37,40,12,66,45,45,86,66,19,88,112,91,1265,5.22%,3.16%,7.19%
Castleton,DONALD J. TRUMP and MICHAEL R. PENCE,34,95,59,45,31,94,107,90,105,51,0,85,80,93,55,53,71,15,99,100,32,110,80,90,1674,6.39%,5.56%,5.38%
Cavendish,JO JORGENSEN and JEREMY SPIKE COHEN,32,35,86,86,13,56,77,54,43,8,30,51,107,12,69,37,6,22,3,51,24,83,107,85,1177,6.54%,1.02%,7.22%
Charleston,KEITH MCCORMIC and SAM BLASIAK,57,9,57,95,1,52,72,22,28,53,29,37,48,9,52,102,17,92,79,45,68,94,99,102,1319,5.46%,0.68%,7.73%
Charlotte,KANYE WEST and MICHELLE TIDBALL,94,59,75,88,38,19,86,88,56,65,93,96,37,64,99,41,23,21,11,19,45,100,95,97,1509,5.70%,4.24%,6.43%
Chelsea,GLORIA LARIVA and SUNIL FREEMAN,88,35,92,82,13,2,11,22,93,35,25,43,13,79,39,60,2,35,78,1,41,92,88,121,1190,0.92%,6.64%,10.17%
Chester,BROCK PIERCE and KARLA BALLARD,48,84,4,103,4,40,23,67,94,44,21,38,26,56,85,2,62,58,75,14,15,107,90,66,1226,1.88%,4.57%,5.38%
Chittenden,DON BLANKENSHIP and BILL MOHR,84,82,15,71,19,108,86,9,3,30,32,16,81,31,70,8,28,100,2,107,22,101,76,73,1254,6.86%,2.47%,5.82%
Clarendon,JO JORGENSEN and JEREMY SPIKE COHEN,50,49,4,89,50,82,98,67,100,47,30,75,105,105,73,31,49,50,7,54,87,121,77,78,1578,6.21%,6.65%,4.94%
Colchester,GLORIA LARIVA and SUNIL FREEMAN,78,103,96,93,65,77,32,121,199,59,14,85,101,153,12,96,28,68,169,81,154,180,187,177,2428,1.32%,6.30%,7.29%
Concord,GLORIA LARIVA and SUNIL FREEMAN,17,25,58,65,24,82,77,28,96,64,26,31,61,42,10,89,69,37,53,83,4,106,121,109,1377,5.59%,3.05%,7.92%
Corinth,JEROME SEGAL and JOHN DE GRAAF,41,73,3,16,87,34,82,46,24,83,12,99,12,82,51,73,54,62,85,38,65,97,90,92,1401,5.85%,5.85%,6.57%
Cornwall,KEITH MCCORMIC and SAM BLASIAK,16,39,31,17,51,18,77,42,50,31,19,24,51,66,65,89,45,7,62,81,36,84,99,106,1206,6.38%,5.47%,8.79%
Coventry,PHIL COLLINS and BILLY JOE PARKER,53,88,5,50,87,81,81,22,63,11,89,82,82,4,88,75,30,106,6,83,20,76,63,91,1436,5.64%,0.28%,6.34%
Craftsbury,JOSEPH R. BIDEN and KAMALA D. HARRIS,85,32,46,78,74,70,10,13,86,28,71,67,59,97,26,23,70,67,60,65,43,96,98,62,1426,0.70%,6.80%,4.35%
Danby,JO JORGENSEN and JEREMY SPIKE COHEN,71,9,54,55,21,16,5,75,47,12,21,25,107,106,97,88,18,79,46,58,19,73,94,103,1299,0.38%,8.16%,7.93%
Danville,ZACHARY SCALF and MATTHEW LYDA,51,59,16,87,3,15,0,61,42,67,52,70,62,74,3,47,16,42,10,49,96,103,105,82,1212,0.00%,6.11%,6.77%
Derby,H. BROOKE PAIGE and THOMAS JAMES WITMAN,28,68,22,90,23,5,75,2,74,103,75,100,2,45,59,14,12,70,83,46,39,61,102,86,1284,5.84%,3.50%,6.70%
Dorset,BRIAN CARROLL and AMAR PATEL,88,89,107,58,73,25,5,8,68,101,70,103,36,61,18,60,107,97,45,19,36,117,102,87,1580,0.32%,3.86%,5.51%
Dover,BRIAN CARROLL and AMAR PATEL,86,75,104,1,27,73,79,51,7,102,86,77,32,36,55,59,64,83,12,82,12,83,124,100,1510,5.23%,2.38%,6.62%
Dummerston,KEITH MCCORMIC and SAM BLASIAK,102,89,96,72,71,52,7,17,71,70,31,81,26,75,9,108,104,79,59,42,76,88,66,115,1606,0.44%,4.67%,7.16%
Duxbury,GLORIA LARIVA and SUNIL FREEMAN,1,32,80,33,48,14,35,27,92,13,35,9,30,88,4,29,23,72,8,11,46,103,80,98,1011,3.46%,8.70%,9.69%
East Haven,ALYSON KENNEDY and MALCOLM JARRETT,106,10,53,23,82,8,70,25,5,105,86,74,67,80,9,11,53,3,25,53,85,117,113,126,1389,5.04%,5.76%,9.07%
East Montpelier,CHRISTOPHER LAFONTAINE and MICHAEL SPEED,52,28,76,39,90,8,64,12,47,53,70,59,33,33,26,34,44,80,79,4,57,93,99,101,1281,5.00%,2.58%,7.88%
Eden,RICHARD DUNCAN and MITCH BUPP,77,86,77,11,71,103,65,89,1,18,7,18,68,88,63,49,77,91,109,106,83,93,123,109,1682,3.86%,5.23%,6.48%
Elmore,PHIL COLLINS and BILLY JOE PARKER,48,78,79,80,40,11,34,57,73,25,58,20,89,70,36,57,43,105,46,48,73,80,105,82,1437,2.37%,4.87%,5.71%
Enosburgh,GARY SWING and DAVID OLSZTA,63,46,27,67,40,69,36,96,90,80,50,56,22,79,66,31,13,0,49,65,82,96,84,89,1396,2.58%,5.66%,6.38%
Essex,GARY SWING and DAVID OLSZTA,122,203,105,106,199,178,95,270,81,163,151,134,104,121,191,148,115,185,164,194,200,287,299,277,4092,2.32%,2.96%,6.77%
Fair Haven,JOSEPH R. BIDEN and KAMALA D. HARRIS,27,80,88,23,29,20,5,26,45,15,58,71,59,100,17,23,42,89,67,41,47,95,76,95,1238,0.40%,8.08%,7.67%
Fairfax,JOSEPH R. BIDEN and KAMALA D. HARRIS,96,0,96,4,88,45,1,7,23,80,87,61,27,108,65,73,11,1,74,62,83,73,85,84,1334,0.07%,8.10%,6.30%
Fairfield,BLAKE HUBER and FRANK ATWOOD,91,108,38,42,25,54,102,106,90,17,17,89,5,36,7,82,27,37,21,37,35,93,88,125,1372,7.43%,2.62%,9.11%
Fairlee,KANYE WEST and MICHELLE TIDBALL,64,24,88,28,82,42,106,21,52,42,62,58,3,76,107,52,38,44,69,19,39,94,97,105,1412,7.51%,5.38%,7.44%
Fayston,GLORIA LARIVA and SUNIL FREEMAN,49,27,48,7,88,46,50,29,101,16,4,88,72,57,18,1,2,41,9,11,14,100,89,105,1072,4.66%,5.32%,9.79%
Ferrisburgh,GARY SWING and DAVID OLSZTA,65,67,49,29,103,5,16,106,31,94,28,60,46,103,74,84,89,52,43,8,3,88,124,117,1484,1.08%,6.94%,7.88%
Fletcher,DONALD J. TRUMP and MICHAEL R. PENCE,72,41,63,16,50,47,87,31,61,19,86,75,25,64,10,36,23,10,24,26,4,99,64,98,1131,7.69%,5.66%,8.66%
Franklin,GLORIA LARIVA and SUNIL FREEMAN,26,51,79,100,80,40,77,10,103,68,34,35,43,72,95,23,67,71,37,58,92,94,103,122,1580,4.87%,4.56%,7.72%
Georgia,BROCK PIERCE and KARLA BALLARD,89,31,82,107,91,6,75,51,56,75,10,67,21,80,53,30,48,84,94,2,83,92,92,92,1511,4.96%,5.29%,6.09%
Glover,ZACHARY SCALF and MATTHEW LYDA,38,63,35,63,73,53,73,66,6,2,87,14,55,75,84,17,11,23,1,6,89,106,96,109,1245,5.86%,6.02%,8.76%
Goshen,BLAKE HUBER and FRANK ATWOOD,1,92,80,54,23,79,62,74,4,71,19,80,53,73,85,87,40,32,41,73,12,99,109,108,1451,4.27%,5.03%,7.44%
Grafton,DON BLANKENSHIP and BILL MOHR,55,66,36,73,9,103,25,102,62,9,76,48,10,82,76,68,5,21,72,83,29,119,120,87,1436,1.74%,5.71%,6.06%
Granby,KEITH MCCORMIC and SAM BLASIAK,23,29,72,44,67,20,87,78,25,5,81,32,28,20,94,103,93,89,21,65,90,114,104,97,1481,5.87%,1.35%,6.55%
Grand Isle,DON BLANKENSHIP and BILL MOHR,29,52,85,23,29,100,5,62,91,36,14,72,59,28,9,85,17,27,78,66,93,85,91,87,1323,0.38%,2.12%,6.58%
Granville,DON BLANKENSHIP and BILL MOHR,103,32,21,43,65,107,105,32,49,20,89,34,65,22,80,76,38,90,40,48,59,93,104,106,1521,6.90%,1.45%,6.97%
Greensboro,KEITH MCCORMIC and SAM BLASIAK,4,39,85,45,85,80,28,44,84,40,58,20,14,24,10,109,8,53,24,26,46,105,94,111,1236,2.27%,1.94%,8.98%
Groton,ZACHARY SCALF and MATTHEW LYDA,53,78,24,92,56,44,41,73,99,83,28,86,52,21,70,44,25,42,34,26,109,93,100,101,1474,2.78%,1.42%,6.85%
Guildhall,RICHARD DUNCAN and MITCH BUPP,77,54,63,48,65,9,66,41,2,104,72,29,77,2,57,15,48,16,107,84,65,105,94,125,1425,4.63%,0.14%,8.77%
Guilford,CHRISTOPHER LAFONTAINE and MICHAEL SPEED,58,26,6,38,107,80,69,30,32,52,86,59,4,27,85,73,33,68,65,10,28,117,74,99,1326,5.20%,2.04%,7.47%
Halifax,JO JORGENSEN and JEREMY SPIKE COHEN,41,78,47,63,83,75,80,32,7,57,19,28,102,68,1,46,66,57,72,42,63,75,87,95,1384,5.78%,4.91%,6.86%
Hancock,BROCK PIERCE and KARLA BALLARD,22,16,13,90,84,5,89,13,20,49,10,28,43,66,19,33,66,40,42,69,23,86,113,92,1131,7.87%,5.84%,8.13%
Hardwick,BRIAN CARROLL and AMAR PATEL,57,17,109,71,81,27,52,42,57,10,47,53,15,13,77,55,44,78,67,60,13,111,121,85,1362,3.82%,0.95%,6.24%
Hartford,H. BROOKE PAIGE and THOMAS JAMES WITMAN,20,136,144,93,133,80,148,81,36,165,40,91,112,91,131,59,115,148,127,136,134,189,191,196,2796,5.29%,3.25%,7.01%
Hartland,PHIL COLLINS and BILLY JOE PARKER,47,35,60,3,83,14,84,19,33,2,5,87,80,63,72,17,55,108,93,60,15,90,104,100,1329,6.32%,4.74%,7.52%
Highgate,GARY SWING and DAVID OLSZTA,13,67,6,103,70,61,34,105,6,70,45,103,31,76,104,23,18,83,55,18,69,109,96,105,1470,2.31%,5.17%,7.14%
Hinesburg,GARY SWING and DAVID OLSZTA,135,57,148,39,110,51,56,162,52,108,66,82,106,134,119,111,46,11,108,111,63,194,184,174,2427,2.31%,5.52%,7.17%
Holland,ZACHARY SCALF and MATTHEW LYDA,53,22,42,50,24,7,47,31,96,86,79,25,49,107,56,32,54,85,20,10,109,105,84,71,1344,3.50%,7.96%,5.28%
Hubbardton,KEITH MCCORMIC and SAM BLASIAK,79,56,24,50,93,11,8,19,52,5,54,90,104,52,24,109,33,55,88,13,102,79,97,86,1383,0.58%,3.76%,6.22%
Huntington,JO JORGENSEN and JEREMY SPIKE COHEN,75,38,37,37,45,59,7,66,85,37,73,49,99,30,22,10,48,86,68,84,18,88,110,110,1381,0.51%,2.17%,7.97%
Hyde Park,ROQUE ROCKY DE LA FUENTE and DARCY G. RICHARDSON,66,65,52,59,30,6,6,28,19,7,63,61,21,58,70,59,44,6,48,72,36,91,92,99,1158,0.52%,5.01%,8.55%
Ira,JO JORGENSEN and JEREMY SPIKE COHEN,73,62,49,21,7,27,63,64,81,27,58,86,90,83,31,78,56,20,66,33,23,123,94,116,1431,4.40%,5.80%,8.11%
Irasburg,DONALD J. TRUMP and MICHAEL R. PENCE,52,19,76,14,1,102,109,11,83,103,87,17,71,37,100,50,19,16,1,73,49,101,96,111,1398,7.80%,2.65%,7.94%
Isle La Motte,JEROME SEGAL and JOHN DE GRAAF,71,95,74,67,5,3,9,52,53,78,48,103,87,15,35,78,22,53,49,88,39,80,102,119,1425,0.63%,1.05%,8.35%
Jamaica,ALYSON KENNEDY and MALCOLM JARRETT,100,72,11,36,6,3,7,18,90,49,83,45,93,78,91,33,21,5,11,18,1,95,119,102,1187,0.59%,6.57%,8.59%
Jay,CHRISTOPHER LAFONTAINE and MICHAEL SPEED,57,74,52,22,96,50,37,71,10,9,9,30,42,28,4,25,44,87,52,16,34,99,86,97,1131,3.27%,2.48%,8.58%
Jericho,KANYE WEST and MICHELLE TIDBALL,45,32,9,74,24,48,10,38,54,19,43,75,55,62,91,48,11,38,44,66,14,67,113,120,1200,0.83%,5.17%,10.00%
Johnson,HOWIE HAWKINS and ANGELA WALKER,97,63,29,42,4,16,44,18,2,101,105,24,79,64,48,15,52,18,103,33,98,80,105,100,1340,3.28%,4.78%,7.46%
Killington,GARY SWING and DAVID OLSZTA,53,35,14,16,71,80,20,101,62,94,43,34,11,90,12,89,81,9,54,48,30,79,84,82,1292,1.55%,6.97%,6.35%
Kirby,DON BLANKENSHIP and BILL MOHR,74,96,22,78,48,98,54,95,95,32,17,29,93,51,68,16,17,88,89,77,38,89,114,89,1567,3.45%,3.25%,5.68%
Landgrove,BLAKE HUBER and FRANK ATWOOD,78,104,59,88,67,70,102,47,11,52,68,17,87,49,19,36,45,14,1,75,28,89,105,83,1394,7.32%,3.52%,5.95%
Leicester,GLORIA LARIVA and SUNIL FREEMAN,6,21,29,78,63,5,13,48,95,53,76,46,28,81,94,33,70,73,77,11,72,83,107,111,1373,0.95%,5.90%,8.08%
Lemington,GLORIA LARIVA and SUNIL FREEMAN,53,93,51,57,26,37,89,94,99,22,12,40,4,1,77,95,51,19,44,56,80,95,113,100,1408,6.32%,0.07%,7.10%
Lincoln,JO JORGENSEN and JEREMY SPIKE COHEN,3,75,77,47,32,74,4,9,97,10,22,63,101,60,47,45,86,54,30,56,19,83,97,95,1286,0.31%,4.67%,7.39%
Londonderry,DON BLANKENSHIP and BILL MOHR,23,34,69,1,23,90,8,24,16,65,28,43,36,47,58,85,12,30,88,67,10,76,84,107,1124,0.71%,4.18%,9.52%
Lowell,KANYE WEST and MICHELLE TIDBALL,48,66,58,1,8,57,88,19,8,47,53,15,53,19,89,24,44,79,34,88,63,91,128,94,1274,6.91%,1.49%,7.38%
Ludlow,HOWIE HAWKINS and ANGELA WALKER,14,9,80,28,12,70,65,3,40,45,105,100,50,53,18,45,98,41,61,37,50,114,77,80,1295,5.02%,4.09%,6.18%
Lunenburg,CHRISTOPHER LAFONTAINE and MICHAEL SPEED,53,84,51,96,100,35,56,36,89,8,79,20,88,26,35,44,47,82,70,97,1,111,103,99,1510,3.71%,1.72%,6.56%
Lyndon,DONALD J. TRUMP and MICHAEL R. PENCE,56,62,8,51,39,75,85,40,74,53,65,34,64,56,34,35,72,22,34,68,68,93,92,104,1384,6.14%,4.05%,7.51%
Maidstone,JO JORGENSEN and JEREMY SPIKE COHEN,77,75,76,60,53,46,4,47,63,7,3,14,108,59,101,76,13,87,29,76,26,90,91,92,1373,0.29%,4.30%,6.70%
Manchester,ROQUE ROCKY DE LA FUENTE and DARCY G. RICHARDSON,5,25,19,14,12,17,93,54,73,85,76,38,81,51,37,26,62,17,21,95,86,73,68,103,1231,7.55%,4.14%,8.37%
Marlboro,BROCK PIERCE and KARLA BALLARD,51,76,66,81,40,38,66,58,14,70,4,66,76,7,57,60,3,7,38,41,42,119,83,89,1252,5.27%,0.56%,7.11%
Marshfield,ZACHARY SCALF and MATTHEW LYDA,11,69,84,51,90,40,81,92,57,86,67,62,51,40,54,57,51,63,10,83,95,104,76,97,1571,5.16%,2.55%,6.17%
Mendon,DONALD J. TRUMP and MICHAEL R. PENCE,14,81,50,15,75,52,86,22,39,35,83,39,74,21,83,7,61,9,65,45,21,118,107,95,1297,6.63%,1.62%,7.32%
Middlebury,DON BLANKENSHIP and BILL MOHR,77,93,85,85,36,95,71,54,72,57,83,48,43,41,41,32,8,33,41,58,30,83,103,124,1493,4.76%,2.75%,8.31%
Middlesex,ALYSON KENNEDY and MALCOLM JARRETT,95,36,47,11,11,19,13,47,63,17,33,13,57,21,51,57,10,45,65,61,34,92,68,103,1069,1.22%,1.96%,9.64%
Middletown Springs,JO JORGENSEN and JEREMY SPIKE COHEN,57,72,69,40,30,21,44,70,61,75,67,67,108,37,12,72,107,12,15,66,35,120,112,77,1446,3.04%,2.56%,5.33%
Milton,KANYE WEST and MICHELLE TIDBALL,132,48,116,69,112,44,111,126,84,95,78,77,82,45,132,25,76,106,121,85,83,205,212,204,2468,4.50%,1.82%,8.27%
Monkton,DONALD J. TRUMP and MICHAEL R. PENCE,44,66,1,59,21,32,109,40,18,50,6,33,100,15,72,71,77,82,57,65,27,76,96,104,1321,8.25%,1.14%,7.87%
Montgomery,ROQUE ROCKY DE LA FUENTE and DARCY G. RICHARDSON,77,81,37,13,77,85,40,86,35,83,63,52,84,50,44,70,64,66,10,95,61,88,106,102,1569,2.55%,3.19%,6.50%
Montpelier,HOWIE HAWKINS and ANGELA WALKER,41,98,101,18,30,3,52,83,73,50,109,58,78,4,2,61,23,44,41,39,57,110,101,97,1373,3.79%,0.29%,7.06%
Moretown,BLAKE HUBER and FRANK ATWOOD,57,107,3,104,30,15,61,26,75,72,10,72,70,2,20,31,16,83,33,47,4,120,111,88,1257,4.85%,0.16%,7.00%
Morgan,BROCK PIERCE and KARLA BALLARD,31,84,54,102,54,55,80,52,40,75,32,62,68,101,55,74,67,70,25,57,79,102,110,94,1623,4.93%,6.22%,5.79%
Morristown,DONALD J. TRUMP and MICHAEL R. PENCE,70,23,10,38,58,56,104,49,26,69,63,77,41,39,31,60,93,50,26,78,20,103,93,104,1381,7.53%,2.82%,7.53%
Mount Holly,RICHARD DUNCAN and MITCH BUPP,66,49,25,20,25,53,61,15,35,36,21,48,1,62,96,13,50,37,97,54,37,108,113,105,1227,4.97%,5.05%,8.56%
Mount Tabor,GARY SWING and DAVID OLSZTA,70,16,36,85,47,16,79,101,65,1,83,12,1,70,39,63,30,21,45,68,72,100,98,91,1309,6.04%,5.35%,6.95%
New Haven,JOSEPH R. BIDEN and KAMALA D. HARRIS,64,11,27,41,99,90,24,16,93,32,70,39,46,106,17,59,9,72,15,46,36,82,116,101,1311,1.83%,8.09%,7.70%
Newark,ALYSON KENNEDY and MALCOLM JARRETT,105,42,5,51,69,83,10,28,102,4,70,79,4,65,26,71,50,22,71,66,16,91,112,110,1352,0.74%,4.81%,8.14%
Newbury,KANYE WEST and MICHELLE TIDBALL,81,62,10,59,81,71,38,62,1,74,56,43,23,33,89,5,44,83,65,22,78,82,92,82,1336,2.84%,2.47%,6.14%
Newfane,KEITH MCCORMIC and SAM BLASIAK,2,34,51,48,41,67,30,19,72,2,12,81,42,88,15,95,51,24,41,24,23,118,107,75,1162,2.58%,7.57%,6.45%
Newport City,PHIL COLLINS and BILLY JOE PARKER,52,76,17,43,6,49,7,17,30,52,4,43,78,57,84,80,81,97,87,76,85,113,95,70,1399,0.50%,4.07%,5.00%
Newport Town,HOWIE HAWKINS and ANGELA WALKER,40,40,68,6,67,48,66,0,33,86,102,52,64,98,91,84,7,66,83,60,93,68,94,100,1516,4.35%,6.46%,6.60%
North Hero,DON BLANKENSHIP and BILL MOHR,17,66,25,34,1,108,74,10,52,39,30,96,62,82,93,100,42,66,62,104,17,115,82,94,1471,5.03%,5.57%,6.39%
Northfield,CHRISTOPHER LAFONTAINE and MICHAEL SPEED,11,54,55,99,106,39,70,25,36,61,81,6,69,65,53,57,34,49,44,17,101,90,79,98,1399,5.00%,4.65%,7.01%
Norton,BROCK PIERCE and KARLA BALLARD,90,15,33,104,2,95,102,14,69,77,55,70,70,49,79,35,84,41,64,41,7,107,104,102,1509,6.76%,3.25%,6.76%
Norwich,BLAKE HUBER and FRANK ATWOOD,21,95,51,73,7,36,56,9,85,55,90,32,45,55,28,18,25,87,10,88,77,98,93,79,1313,4.27%,4.19%,6.02%
Orange,JEROME SEGAL and JOHN DE GRAAF,65,19,69,79,59,67,84,20,84,17,51,96,56,37,88,66,23,46,21,47,11,109,89,101,1404,5.98%,2.64%,7.19%
Orwell,JO JORGENSEN and JEREMY SPIKE COHEN,16,27,58,79,75,36,24,1,15,20,73,37,88,3,11,44,35,51,5,67,77,95,95,82,1114,2.15%,0.27%,7.36%
Panton,DONALD J. TRUMP and MICHAEL R. PENCE,74,78,9,15,14,66,105,86,8,38,18,12,55,31,1,83,84,7,46,26,13,104,81,106,1160,9.05%,2.67%,9.14%
Pawlet,DONALD J. TRUMP and MICHAEL R. PENCE,0,80,68,79,92,10,100,91,85,23,8,12,17,54,21,66,0,71,7,95,34,125,96,112,1346,7.43%,4.01%,8.32%
Peacham,H. BROOKE PAIGE and THOMAS JAMES WITMAN,85,93,28,81,42,65,68,85,3,104,2,10,52,60,44,63,44,35,26,30,79,105,109,94,1407,4.83%,4.26%,6.68%
Peru,CHRISTOPHER LAFONTAINE and MICHAEL SPEED,33,68,82,36,105,22,15,4,48,89,52,63,103,77,18,23,1,21,3,91,47,88,94,78,1261,1.19%,6.11%,6.19%
Pittsfield,CHRISTOPHER LAFONTAINE and MICHAEL SPEED,4,104,17,87,108,81,77,50,48,72,20,49,81,46,43,12,72,49,64,67,45,103,79,80,1458,5.28%,3.16%,5.49%
Pittsford,JOSEPH R. BIDEN and KAMALA D. HARRIS,81,31,61,16,32,43,27,70,53,62,6,59,63,91,28,30,63,5,25,25,3,106,87,118,1185,2.28%,7.68%,9.96%
Plainfield,BLAKE HUBER and FRANK ATWOOD,71,82,75,45,21,17,27,69,54,30,59,15,49,10,68,63,33,7,21,52,38,108,102,102,1218,2.22%,0.82%,8.37%
Plymouth,BRIAN CARROLL and AMAR PATEL,103,10,108,53,14,32,63,55,29,51,88,84,39,9,83,14,87,89,84,12,77,90,86,122,1482,4.25%,0.61%,8.23%
Pomfret,BLAKE HUBER and FRANK ATWOOD,64,106,81,105,61,29,85,80,1,17,66,46,7,14,70,47,101,33,57,65,44,117,94,102,1492,5.70%,0.94%,6.84%
Poultney,DON BLANKENSHIP and BILL MOHR,104,16,76,108,6,109,102,79,77,65,103,77,81,63,58,88,10,84,58,13,14,94,88,97,1670,6.11%,3.77%,5.81%
Pownal,KYLE KENLEY KOPITKE and TAJA YVONNE IWANOW,1,52,22,28,31,20,92,50,43,10,97,23,72,57,82,13,98,45,91,25,66,98,68,86,1270,7.24%,4.49%,6.77%
Proctor,CHRISTOPHER LAFONTAINE and MICHAEL SPEED,70,6,84,82,103,6,13,16,63,67,17,100,3,99,22,5,38,0,45,63,55,103,104,94,1258,1.03%,7.87%,7.47%
Putney,HOWIE HAWKINS and ANGELA WALKER,14,50,51,89,90,69,89,22,27,84,102,69,82,76,82,14,83,84,75,61,71,111,95,92,1682,5.29%,4.52%,5.47%
Randolph,H. BROOKE PAIGE and THOMAS JAMES WITMAN,102,5,34,74,7,49,84,63,61,105,9,34,48,40,46,79,33,85,2,77,57,93,103,77,1367,6.14%,2.93%,5.63%
Reading,KANYE WEST and MICHELLE TIDBALL,23,76,71,56,71,7,102,1,59,36,69,4,4,8,103,22,0,11,37,20,49,78,88,89,1084,9.41%,0.74%,8.21%
Readsboro,BRIAN CARROLL and AMAR PATEL,103,61,105,54,75,67,16,49,67,45,88,33,70,55,10,74,56,30,49,28,0,96,94,118,1443,1.11%,3.81%,8.18%
Richford,ROQUE ROCKY DE LA FUENTE and DARCY G. RICHARDSON,86,61,61,7,98,19,18,44,101,20,49,30,90,47,76,60,27,44,93,102,27,103,85,113,1461,1.23%,3.22%,7.73%
Richmond,RICHARD DUNCAN and MITCH BUPP,9,59,61,95,64,34,23,66,41,89,8,69,22,93,23,75,59,37,100,62,36,118,98,109,1450,1.59%,6.41%,7.52%
Ripton,BROCK PIERCE and KARLA BALLARD,59,68,79,95,60,14,88,66,77,84,23,14,40,12,27,43,35,49,17,2,10,105,94,112,1273,6.91%,0.94%,8.80%
Rochester,H. BROOKE PAIGE and THOMAS JAMES WITMAN,96,68,25,62,87,30,63,64,23,99,55,89,3,87,12,89,81,62,56,10,31,90,98,90,1470,4.29%,5.92%,6.12%
Rockingham,H. BROOKE PAIGE and THOMAS JAMES WITMAN,20,22,81,86,23,84,72,10,23,107,23,11,47,1,49,60,70,92,30,84,19,101,63,104,1282,5.62%,0.08%,8.11%
Roxbury,KYLE KENLEY KOPITKE and TAJA YVONNE IWANOW,64,3,6,53,22,16,57,11,29,41,89,84,59,52,63,52,105,1,51,12,18,82,69,113,1152,4.95%,4.51%,9.81%
Royalton,JO JORGENSEN and JEREMY SPIKE COHEN,87,46,16,46,7,7,61,89,28,72,96,78,108,58,42,46,69,32,67,54,49,101,87,94,1440,4.24%,4.03%,6.53%
Rupert,KYLE KENLEY KOPITKE and TAJA YVONNE IWANOW,63,81,54,86,40,88,1,99,33,13,67,60,25,17,80,51,107,86,71,12,97,95,67,94,1487,0.07%,1.14%,6.32%
Rutland City,BLAKE HUBER and FRANK ATWOOD,152,289,226,192,100,227,218,65,193,240,187,171,171,188,175,275,212,280,214,79,205,391,400,371,5221,4.18%,3.60%,7.11%
Rutland,JO JORGENSEN and JEREMY SPIKE COHEN,1,4,61,19,77,9,53,24,70,2,3,6,106,103,7,48,35,60,58,34,11,91,90,81,1053,5.03%,9.78%,7.69%
Ryegate,KEITH MCCORMIC and SAM BLASIAK,102,71,22,0,88,86,67,61,35,58,80,70,46,82,14,103,25,94,17,4,45,92,85,88,1435,4.67%,5.71%,6.13%
Salisbury,HOWIE HAWKINS and ANGELA WALKER,45,20,63,52,82,45,67,10,76,53,85,64,19,69,48,43,54,79,77,12,12,116,95,74,1360,4.93%,5.07%,5.44%
Sandgate,KEITH MCCORMIC and SAM BLASIAK,63,77,91,86,93,105,51,68,70,153,114,95,29,80,13,182,172,108,170,113,135,168,183,180,2599,1.96%,3.08%,6.93%
Searsburg,ROQUE ROCKY DE LA FUENTE and DARCY G. RICHARDSON,20,75,79,54,88,65,84,57,81,49,45,32,48,49,58,45,19,103,19,103,98,107,94,100,1572,5.34%,3.12%,6.36%
Shaftsbury,HOWIE HAWKINS and ANGELA WALKER,29,72,35,15,74,44,38,15,57,11,106,15,23,7,36,55,1,80,69,59,86,86,85,101,1199,3.17%,0.58%,8.42%
Sharon,ZACHARY SCALF and MATTHEW LYDA,13,37,86,73,50,74,30,32,32,74,62,81,50,86,81,30,17,49,85,51,98,105,124,101,1521,1.97%,5.65%,6.64%
Sheffield,BRIAN CARROLL and AMAR PATEL,34,61,89,89,41,84,11,67,77,0,4,49,39,52,66,26,89,37,77,3,86,89,86,86,1342,0.82%,3.87%,6.41%
Shelburne,GARY SWING and DAVID OLSZTA,49,45,34,58,11,69,10,102,72,8,20,54,81,50,18,33,102,75,88,68,79,100,128,74,1428,0.70%,3.50%,5.18%
Sheldon,ALYSON KENNEDY and MALCOLM JARRETT,106,4,22,23,11,57,54,3,102,10,51,46,64,77,17,33,16,36,46,31,59,95,99,106,1168,4.62%,6.59%,9.08%
Shoreham,PHIL COLLINS and BILLY JOE PARKER,39,43,88,7,73,29,62,51,63,10,65,13,2,90,33,75,69,103,96,19,42,113,93,75,1353,4.58%,6.65%,5.54%
Shrewsbury,JO JORGENSEN and JEREMY SPIKE COHEN,74,65,62,65,44,33,22,25,16,16,69,25,101,39,90,83,11,24,11,91,39,107,80,85,1277,1.72%,3.05%,6.66%
South Burlington,H. BROOKE PAIGE and THOMAS JAMES WITMAN,85,108,58,96,81,134,89,68,147,173,87,140,38,88,155,77,77,108,71,35,79,181,176,162,2513,3.54%,3.50%,6.45%
South Hero,GLORIA LARIVA and SUNIL FREEMAN,27,75,18,15,34,29,58,57,101,75,3,57,57,67,80,23,91,53,62,12,80,92,96,84,1346,4.31%,4.98%,6.24%
Springfield,PHIL COLLINS and BILLY JOE PARKER,89,68,48,14,73,79,77,16,1,83,49,45,30,5,68,43,65,90,74,54,86,97,106,71,1431,5.38%,0.35%,4.96%
St. Albans City,CHRISTOPHER LAFONTAINE and MICHAEL SPEED,107,90,86,98,107,66,32,10,39,15,17,30,58,8,90,0,70,96,47,43,105,110,94,93,1511,2.12%,0.53%,6.15%
St. Albans Town,GARY SWING and DAVID OLSZTA,222,140,199,265,166,73,144,282,132,67,176,174,248,211,106,185,236,189,170,151,213,376,390,336,4851,2.97%,4.35%,6.93%
St. George,DON BLANKENSHIP and BILL MOHR,78,21,3,6,79,92,60,53,13,74,32,21,13,33,19,45,43,59,69,62,14,105,109,98,1201,5.00%,2.75%,8.16%
St. Johnsbury,HOWIE HAWKINS and ANGELA WALKER,37,128,149,79,52,112,92,156,113,77,169,57,105,53,123,92,144,157,66,156,124,235,190,222,2888,3.19%,1.84%,7.69%
Stamford,KANYE WEST and MICHELLE TIDBALL,34,43,25,42,14,4,3,82,58,39,63,57,47,30,108,69,79,17,60,86,73,103,88,113,1337,0.22%,2.24%,8.45%
Stannard,H. BROOKE PAIGE and THOMAS JAMES WITMAN,60,45,7,17,8,14,82,8,63,90,40,9,86,4,9,28,3,39,15,29,66,97,112,94,1025,8.00%,0.39%,9.17%
Starksboro,PHIL COLLINS and BILLY JOE PARKER,19,21,28,74,24,48,17,83,72,1,67,29,29,28,60,45,2,106,17,45,66,96,99,109,1185,1.43%,2.36%,9.20%
Stockbridge,JOSEPH R. BIDEN and KAMALA D. HARRIS,2,50,12,82,58,72,64,63,29,37,65,73,15,85,40,75,41,68,57,63,61,89,80,83,1364,4.69%,6.23%,6.09%
Stowe,H. BROOKE PAIGE and THOMAS JAMES WITMAN,50,6,61,65,37,52,1,39,55,84,8,62,18,32,43,41,17,31,23,3,59,110,71,118,1086,0.09%,2.95%,10.87%
Strafford,DONALD J. TRUMP and MICHAEL R. PENCE,30,25,70,44,1,20,99,50,73,77,31,61,70,27,45,70,49,74,37,63,26,109,86,111,1348,7.34%,2.00%,8.23%
Stratton,KEITH MCCORMIC and SAM BLASIAK,65,42,82,38,73,34,83,58,60,64,82,74,78,6,50,89,57,31,74,80,34,100,99,92,1545,5.37%,0.39%,5.95%
Sudbury,JO JORGENSEN and JEREMY SPIKE COHEN,29,19,44,63,104,28,85,22,40,70,77,48,105,1,44,18,19,31,43,17,40,120,101,84,1252,6.79%,0.08%,6.71%
Sunderland,KEITH MCCORMIC and SAM BLASIAK,78,42,69,44,122,23,81,78,64,57,144,77,69,107,82,156,35,143,105,128,113,220,195,177,2409,3.36%,4.44%,7.35%
Sutton,BLAKE HUBER and FRANK ATWOOD,82,105,18,16,10,20,74,70,41,1,10,31,27,42,26,63,12,58,79,78,87,106,103,102,1261,5.87%,3.33%,8.09%
Swanton,DONALD J. TRUMP and MICHAEL R. PENCE,98,2,102,26,105,51,106,63,29,36,17,101,73,96,86,61,44,68,12,78,39,92,107,94,1586,6.68%,6.05%,5.93%
Thetford,H. BROOKE PAIGE and THOMAS JAMES WITMAN,83,45,77,96,39,5,68,8,60,98,43,56,78,28,15,94,74,39,4,40,16,92,79,88,1325,5.13%,2.11%,6.64%
Tinmouth,JO JORGENSEN and JEREMY SPIKE COHEN,66,101,93,35,120,101,112,134,64,136,120,54,171,115,154,169,97,36,72,124,56,211,186,202,2729,4.10%,4.21%,7.40%
Topsham,H. BROOKE PAIGE and THOMAS JAMES WITMAN,58,42,20,17,89,82,25,29,77,98,33,55,55,22,2,82,77,57,49,72,38,84,62,110,1335,1.87%,1.65%,8.24%
Townshend,KEITH MCCORMIC and SAM BLASIAK,1,33,70,32,15,72,74,75,82,35,19,27,64,21,47,95,93,82,80,83,36,79,70,124,1409,5.25%,1.49%,8.80%
Troy,DON BLANKENSHIP and BILL MOHR,125,72,126,110,87,181,9,81,41,133,129,102,177,154,116,171,101,160,113,54,111,181,202,201,2937,0.31%,5.24%,6.84%
Tunbridge,KEITH MCCORMIC and SAM BLASIAK,70,8,50,53,1,27,67,11,0,63,13,78,56,77,61,105,63,71,48,92,35,103,99,95,1346,4.98%,5.72%,7.06%
Underhill,KYLE KENLEY KOPITKE and TAJA YVONNE IWANOW,10,77,77,83,21,9,66,45,71,74,15,80,32,73,56,3,85,23,84,38,1,96,96,90,1305,5.06%,5.59%,6.90%
Vergennes,CHRISTOPHER LAFONTAINE and MICHAEL SPEED,53,74,20,74,107,44,61,94,61,72,56,53,26,72,95,4,5,102,54,94,47,118,99,88,1573,3.88%,4.58%,5.59%
Vernon,JEROME SEGAL and JOHN DE GRAAF,54,65,61,37,77,22,80,24,22,64,27,85,13,29,12,23,84,57,74,25,66,110,96,118,1325,6.04%,2.19%,8.91%
Vershire,KANYE WEST and MICHELLE TIDBALL,104,51,39,27,100,17,76,43,62,45,94,4,106,49,106,30,40,91,30,93,4,81,99,93,1484,5.12%,3.30%,6.27%
Victory,KANYE WEST and MICHELLE TIDBALL,68,29,50,73,22,89,11,52,15,58,55,31,43,90,99,57,80,54,46,73,73,92,90,93,1443,0.76%,6.24%,6.44%
Waitsfield,ROQUE ROCKY DE LA FUENTE and DARCY G. RICHARDSON,55,66,3,26,13,68,37,4,29,62,27,22,5,51,48,15,2,69,2,82,13,98,100,74,971,3.81%,5.25%,7.62%
Walden,CHRISTOPHER LAFONTAINE and MICHAEL SPEED,89,87,83,37,107,85,21,74,86,64,67,56,68,58,1,24,74,48,87,45,52,99,106,80,1598,1.31%,3.63%,5.01%
Wallingford,DONALD J. TRUMP and MICHAEL R. PENCE,30,72,68,35,51,3,92,13,55,14,76,10,86,21,69,67,10,17,75,53,31,117,80,87,1232,7.47%,1.70%,7.06%
Waltham,KANYE WEST and MICHELLE TIDBALL,46,31,6,21,56,30,71,36,13,25,93,90,43,66,106,6,63,57,25,15,44,96,97,94,1230,5.77%,5.37%,7.64%
Wardsboro,DONALD J. TRUMP and MICHAEL R. PENCE,17,11,76,50,59,4,108,84,33,16,27,67,34,69,80,34,11,4,46,30,18,70,97,94,1139,9.48%,6.06%,8.25%
Warren,DONALD J. TRUMP and MICHAEL R. PENCE,76,102,85,70,77,102,103,38,28,75,33,44,99,11,12,77,27,85,71,101,6,91,109,105,1627,6.33%,0.68%,6.45%
Washington,HOWIE HAWKINS and ANGELA WALKER,78,99,22,92,3,58,89,30,14,27,105,58,90,81,2,85,73,72,6,64,88,90,99,108,1533,5.81%,5.28%,7.05%
Waterbury,KYLE KENLEY KOPITKE and TAJA YVONNE IWANOW,2,99,64,16,17,59,63,64,105,37,75,52,45,59,80,79,105,56,21,48,67,97,119,99,1528,4.12%,3.86%,6.48%
Waterford,JO JORGENSEN and JEREMY SPIKE COHEN,98,33,40,54,38,93,63,52,90,25,55,84,109,60,15,80,7,57,21,11,30,86,100,106,1407,4.48%,4.26%,7.53%
Waterville,KEITH MCCORMIC and SAM BLASIAK,60,80,4,17,34,12,34,15,83,43,11,62,52,48,39,100,54,31,90,42,36,97,74,88,1206,2.82%,3.98%,7.30%
Weathersfield,H. BROOKE PAIGE and THOMAS JAMES WITMAN,79,5,76,56,10,55,17,53,9,90,26,54,89,21,58,36,3,24,43,16,39,102,95,116,1172,1.45%,1.79%,9.90%
Wells,JEROME SEGAL and JOHN DE GRAAF,5,17,13,20,80,83,32,72,39,79,5,98,89,51,25,98,78,61,96,13,68,98,107,105,1432,2.23%,3.56%,7.33%
West Fairlee,JO JORGENSEN and JEREMY SPIKE COHEN,60,42,73,1,7,30,59,64,31,57,1,3,89,14,75,46,64,40,19,56,59,132,91,86,1199,4.92%,1.17%,7.17%
West Haven,ZACHARY SCALF and MATTHEW LYDA,54,48,60,66,91,63,41,20,37,56,15,19,23,64,10,22,12,13,64,74,104,83,98,82,1219,3.36%,5.25%,6.73%
West Rutland,HOWIE HAWKINS and ANGELA WALKER,26,25,57,84,86,59,32,12,20,66,107,104,32,90,96,32,74,67,16,53,24,117,84,96,1459,2.19%,6.17%,6.58%
West Windsor,HOWIE HAWKINS and ANGELA WALKER,68,56,63,71,2,28,10,15,14,53,95,12,27,44,26,79,29,40,62,27,74,98,122,92,1207,0.83%,3.65%,7.62%
Westfield,KANYE WEST and MICHELLE TIDBALL,47,13,20,11,84,58,44,88,7,25,0,23,12,90,90,85,66,25,23,50,79,97,108,73,1218,3.61%,7.39%,5.99%
Westford,JEROME SEGAL and JOHN DE GRAAF,39,89,59,47,80,69,65,8,17,58,70,103,61,9,49,88,56,97,68,99,53,97,115,80,1576,4.12%,0.57%,5.08%
Westminster,BLAKE HUBER and FRANK ATWOOD,150,172,135,25,148,119,78,75,104,84,141,110,66,79,54,12,170,166,137,92,108,197,194,162,2778,2.81%,2.84%,5.83%
Westmore,PHIL COLLINS and BILLY JOE PARKER,70,13,6,35,93,100,76,44,24,4,10,31,72,33,23,55,33,104,97,39,49,82,89,82,1264,6.01%,2.61%,6.49%
Weston,JO JORGENSEN and JEREMY SPIKE COHEN,62,42,48,81,59,73,65,68,105,1,37,41,107,65,75,63,63,44,85,6,72,126,110,66,1564,4.16%,4.16%,4.22%
Weybridge,CHRISTOPHER LAFONTAINE and MICHAEL SPEED,45,42,38,99,108,29,3,76,20,53,49,91,81,2,24,22,107,23,85,78,10,87,80,107,1359,0.22%,0.15%,7.87%
Wheelock,GARY SWING and DAVID OLSZTA,74,10,60,35,50,49,53,106,74,64,34,65,102,6,65,59,0,84,99,88,41,126,74,97,1515,3.50%,0.40%,6.40%
Whiting,BROCK PIERCE and KARLA BALLARD,10,92,26,103,69,67,44,80,52,8,30,102,58,86,35,53,6,41,76,17,102,106,101,97,1461,3.01%,5.89%,6.64%
Whitingham,ROQUE ROCKY DE LA FUENTE and DARCY G. RICHARDSON,137,38,115,95,155,133,98,104,56,90,107,132,96,108,109,148,143,117,67,177,18,193,171,206,2813,3.48%,3.84%,7.32%
Williamstown,JEROME SEGAL and JOHN DE GRAAF,47,33,18,4,80,13,77,27,21,49,88,97,26,86,59,39,14,55,38,25,30,113,74,98,1211,6.36%,7.10%,8.09%
Williston,JO JORGENSEN and JEREMY SPIKE COHEN,13,28,87,16,30,59,94,101,43,37,57,85,103,29,35,26,52,24,73,17,16,82,124,95,1326,7.09%,2.19%,7.16%
Wilmington,JO JORGENSEN and JEREMY SPIKE COHEN,43,43,85,29,30,86,54,81,12,37,3,92,109,60,5,8,40,0,77,52,11,113,86,85,1241,4.35%,4.83%,6.85%
Windham,ZACHARY SCALF and MATTHEW LYDA,1,63,77,40,41,68,28,91,80,80,60,102,17,89,37,87,104,5,50,8,109,87,107,114,1545,1.81%,5.76%,7.38%
Windsor,BLAKE HUBER and FRANK ATWOOD,11,104,9,73,71,77,59,65,16,22,58,55,38,28,49,47,21,75,65,55,81,112,100,94,1385,4.26%,2.02%,6.79%
Winhall,H. BROOKE PAIGE and THOMAS JAMES WITMAN,12,2,64,2,31,15,89,28,57,97,67,65,93,67,40,17,70,50,15,70,75,107,104,103,1340,6.64%,5.00%,7.69%
Winooski,GLORIA LARIVA and SUNIL FREEMAN,15,48,66,14,8,38,20,10,87,31,67,67,58,67,53,36,65,17,45,37,45,110,110,89,1203,1.66%,5.57%,7.40%
Wolcott,DON BLANKENSHIP and BILL MOHR,17,17,27,16,72,101,84,64,15,17,26,64,61,36,92,15,49,96,83,86,39,112,83,99,1371,6.13%,2.63%,7.22%
Woodbury,HOWIE HAWKINS and ANGELA WALKER,64,19,13,15,56,46,82,13,75,63,109,2,95,3,6,44,59,10,22,72,95,94,69,83,1209,6.78%,0.25%,6.87%
Woodford,DONALD J. TRUMP and MICHAEL R. PENCE,84,25,25,11,89,45,104,53,49,12,5,82,65,63,7,40,91,75,11,85,22,103,86,94,1326,7.84%,4.75%,7.09%
Woodstock,JO JORGENSEN and JEREMY SPIKE COHEN,40,40,84,31,102,32,3,75,59,15,90,24,103,68,12,25,95,79,5,86,60,93,97,92,1410,0.21%,4.82%,6.52%
Worcester,DON BLANKENSHIP and BILL MOHR,44,21,17,78,71,98,32,22,47,48,4,47,7,80,85,48,12,88,48,50,55,124,73,91,1290,2.48%,6.20%,7.05%
